x,y,.sample
6.516427592,19.35265828,1
11.39074799,30.49023376,1
3.181593131,11.62096616,1
17.34215438,81.53919016,1
17.25730257,73.1283417,1
10.82684658,30.38617173,1
9.182516672,26.680065,1
8.183262598,25.64466682,1
11.87269421,41.8568087,1
3.277592374,14.50784887,1
13.5913156,46.63162973,1
16.78948318,59.28805124,1
6.559627325,19.24047578,1
16.17802981,69.98633682,1
5.853515147,16.28625283,1
8.215012098,28.99093345,1
0.607168373,10.28369501,1
19.39510244,92.65999808,1
2.069561663,11.3986147,1
0.631361525,10.58977011,1
18.45762431,84.44470161,1
3.241246234,15.21530676,1
-0.059709667,10.05572928,1
19.96389196,100.8004654,1
-0.048763617,10.26310736,1
13.07664011,36.81238063,1
2.155574377,12.70438702,1
12.40563275,52.75151018,1
4.836757204,17.28771871,1
11.97258611,32.78184535,1
2.25567175,12.35537822,1
-0.036354439,10.7027007,1
2.673937188,11.16715138,1
15.70395923,55.44738904,1
4.772120236,19.83910081,1
6.570605124,19.41196901,1
1.711671974,12.39417418,1
1.5221681,11.11341023,1
11.86507726,37.82301927,1
8.580338743,23.99201789,1
3.802362092,12.84411535,1
17.35479855,72.0435688,1
19.93484747,122.8239499,1
16.15736011,56.80585586,1
16.28665154,62.96759543,1
5.978132344,15.97609982,1
16.22637649,52.77359845,1
3.85856051,13.81179598,1
16.65266905,55.53028828,1
1.085860895,10.95369865,1
16.83734278,79.59176381,2
2.805772932,19.49666659,2
15.58642242,69.15455136,2
18.42316503,85.87466941,2
14.532979,70.80926634,2
14.10092948,62.90035178,2
10.24584818,39.7067895,2
9.184603031,42.44727834,2
9.207049485,37.37139258,2
16.74104493,87.34919388,2
18.44967754,98.50547447,2
16.78934644,75.56417542,2
8.104235359,37.08684882,2
13.04774817,60.14539795,2
12.97163215,52.96067021,2
4.347952749,22.51253605,2
2.227950193,20.60183979,2
5.962162299,24.90395705,2
13.49305307,55.70111575,2
4.80574993,26.60009667,2
15.11826805,63.02588617,2
6.488291996,28.71862281,2
6.529938639,28.1514953,2
18.98323309,98.47101009,2
0.057626744,10.74115941,2
14.52027089,66.92478348,2
3.186969826,20.58379683,2
17.31758346,79.9172871,2
2.087649648,16.01685196,2
10.8114332,50.20678164,2
4.840483936,29.27874801,2
7.594855539,31.25571115,2
3.20350683,19.38041044,2
11.83023435,45.69070341,2
5.328358275,22.56288697,2
4.814905672,24.54768406,2
6.469645184,25.94544082,2
14.59929996,66.91969292,2
14.14873316,62.25250657,2
14.12088992,60.27236187,2
12.4243618,52.13608651,2
5.909476619,29.77651741,2
19.99427809,94.91944609,2
0.624437855,11.01065468,2
7.506938472,27.80954038,2
0.974528773,11.01549086,2
1.024755222,9.46862869,2
11.33595311,40.08388476,2
18.48403825,89.59752663,2
0.079465521,7.735196074,2
8.024244067,30.89541185,3
7.044348236,32.80771313,3
18.32451075,95.20914811,3
17.85760747,80.81749086,3
10.88759301,41.6101434,3
9.272919976,36.61392679,3
6.030362933,26.67597907,3
19.37915118,96.08189809,3
11.38875961,50.21571051,3
1.624537349,12.39655455,3
10.79301798,49.90278446,3
12.97078312,56.36557271,3
3.771058473,16.8040656,3
15.72512771,75.68106537,3
8.725987973,35.85433769,3
15.11955647,67.91274352,3
10.17040099,45.59144603,3
8.140636695,37.21372058,3
18.36443825,88.23868355,3
16.71169914,82.34836974,3
3.289769918,21.92543665,3
19.53294078,100.7386689,3
19.5616524,97.56084725,3
10.2065254,41.19821686,3
5.436893947,20.57673571,3
18.8726718,89.5782587,3
5.930499303,27.66100248,3
19.92887409,93.13923637,3
14.56174845,57.86423365,3
19.49908702,97.93908272,3
1.62112256,14.19534922,3
10.8454359,46.27739787,3
2.733911595,14.07154897,3
17.82575833,90.33962339,3
1.622190945,13.00537257,3
12.43408281,56.88823433,3
2.262155875,16.20952535,3
11.40536619,42.5731205,3
1.607441867,13.01289286,3
1.545929071,15.15146571,3
8.653990838,34.7269774,3
13.52705464,59.33017887,3
6.023637647,23.95805967,3
13.05284263,59.34063816,3
3.322499111,18.9183339,3
2.213510105,15.79456842,3
1.60284479,9.971130838,3
16.16814915,79.14408259,3
10.35482881,42.00123652,3
15.10401818,63.08262192,3
15.69832254,63.45455553,4
8.641532105,30.79619053,4
14.15369219,60.27570478,4
2.160778188,15.99585095,4
2.705964143,13.90101453,4
-0.022130925,7.965210584,4
19.45871192,90.99272721,4
17.82258857,100.0768615,4
6.014599573,29.87217508,4
12.40191955,52.05906157,4
15.18902694,72.01948069,4
18.34769711,82.40269834,4
11.80618513,46.88467388,4
6.989705687,29.24696748,4
17.73324394,83.99078593,4
8.706182027,40.91250331,4
2.718171633,18.5353918,4
0.495060229,10.80481294,4
9.17001779,38.34862855,4
1.568251738,13.53641394,4
0.023659695,9.78939308,4
9.14817047,42.95689749,4
14.03625466,64.1335739,4
6.438638482,24.97316045,4
9.266514048,42.35988608,4
12.45820948,52.76682516,4
7.50462348,36.3422295,4
18.31862928,80.17951269,4
5.340496687,24.71018191,4
17.32625742,76.31280354,4
9.163868397,38.50759631,4
8.633261784,32.47864667,4
4.298020122,18.60501933,4
13.61223135,59.22596738,4
1.559288801,12.45096884,4
1.077692224,10.85993595,4
7.572316205,33.66596435,4
13.56833881,61.6939554,4
5.439092774,21.53066101,4
7.671310511,34.30753115,4
10.22038718,40.79617747,4
4.796564531,20.67116597,4
8.666034728,40.775445,4
15.22145717,69.97698692,4
12.87428538,51.58254939,4
11.32806854,49.89540406,4
4.324223662,23.34467817,4
3.691446378,19.16772723,4
11.41219439,47.1644477,4
2.797075778,20.14235213,4
-0.09084953,9.099621317,5
15.2421734,67.04134679,5
3.712355062,22.13190624,5
5.333710424,24.79870356,5
3.866675983,17.43498862,5
16.81079282,74.0568418,5
11.31594046,52.88502066,5
9.737146243,38.06280977,5
19.38506105,101.1524699,5
6.030626531,30.17635015,5
1.586443743,10.37522195,5
20.02355778,93.7434672,5
18.84783291,97.3761824,5
5.974896503,20.3196708,5
3.761764018,23.53272254,5
14.59701824,65.57041244,5
10.9100763,46.14485592,5
14.67492162,65.38019205,5
15.15199092,73.36993734,5
5.867770002,26.00512681,5
14.54691156,62.42619594,5
16.71905571,74.65333375,5
16.70892868,80.06709851,5
9.653139803,38.85137072,5
14.02014222,62.77783473,5
16.76663294,72.66132539,5
20.00171557,104.4630538,5
11.81117077,52.48752042,5
17.91255051,82.435142,5
16.29360066,68.03240069,5
7.605182661,33.20031717,5
8.148928598,35.17835038,5
16.70337041,77.76572336,5
16.17029298,76.88646269,5
-0.094573948,9.819941537,5
10.35604518,43.18081277,5
16.26862892,68.53407768,5
16.31272416,76.63332176,5
11.86464116,51.70155803,5
16.74254167,78.0734013,5
14.67776165,56.88617462,5
0.586473637,10.05116335,5
13.9709943,54.38499971,5
2.108873914,14.97111305,5
2.790253537,17.88599187,5
15.73558009,70.65961902,5
12.91966617,51.66927283,5
11.90345452,43.79642255,5
12.92451929,58.7569776,5
-0.010707922,10.04357144,5
10.79724662,50.65024078,6
17.8329169,82.61259456,6
13.06889886,53.18799459,6
11.95960862,45.93763981,6
10.32545887,46.56362665,6
13.59342156,60.79155102,6
15.61594483,74.10248289,6
3.886892731,19.1741603,6
19.95042007,98.54553472,6
10.83255416,44.55043927,6
19.534978,102.4056063,6
1.079539509,13.8252575,6
13.60923744,54.78413123,6
16.18551494,65.14937815,6
14.11167054,58.241579,6
8.033916669,27.38906594,6
8.630643138,36.92428796,6
2.719370618,17.06226124,6
7.643568538,28.45717276,6
5.446882824,24.11597885,6
3.713578716,19.50765505,6
7.093872239,30.70299139,6
16.69245799,72.99493898,6
15.19113583,70.91379293,6
15.57921637,65.8322017,6
15.17244413,63.50235645,6
15.75288117,73.21457153,6
15.19047301,71.29818707,6
1.1793436,10.07348977,6
7.557877622,30.18254844,6
5.419640971,24.81890749,6
10.22906305,44.43354315,6
15.72275508,68.65575796,6
4.381058643,21.7805258,6
11.83066074,53.7813558,6
1.5160952,11.37968858,6
4.81486885,22.57522663,6
4.972194505,22.73052624,6
12.43012025,49.68307731,6
12.3779863,49.09653138,6
12.41284514,52.49098201,6
14.6159951,64.32949298,6
18.35306568,87.82203145,6
10.36924394,47.65991448,6
11.45361901,48.42874923,6
17.78187906,87.70802846,6
3.215129929,17.9361017,6
9.290570796,39.91294223,6
1.659330656,11.68474723,6
16.306939,70.17801935,6
0.492506641,10.71415701,7
4.311284635,20.95716779,7
15.5847024,71.39942452,7
15.68498525,70.39907989,7
1.048274196,11.42419627,7
16.84419833,75.9777717,7
19.49505974,98.75307565,7
2.720286449,16.23947107,7
12.49312222,58.62427631,7
9.279997228,41.38780251,7
20.05265082,94.37299559,7
13.5899504,56.30697171,7
8.066493053,39.40429128,7
10.17020989,39.31461084,7
12.41079329,50.65613891,7
14.01262493,62.9158213,7
12.35282107,53.55620183,7
18.36682495,89.97185625,7
7.616622588,35.76039193,7
4.320963254,24.52270113,7
2.251732399,15.46445595,7
17.81336172,85.58180767,7
17.32315747,76.78653908,7
5.303533225,23.02078643,7
17.82153238,77.31466231,7
1.631702343,14.03361848,7
14.6274001,71.35685073,7
19.35601903,107.1366157,7
11.86948723,51.06285366,7
16.14725283,70.11314325,7
5.49441463,26.54264772,7
3.69529927,21.38279937,7
11.80826479,45.86430103,7
7.066962269,31.98814883,7
3.3442979,21.09237547,7
11.84506724,48.52506852,7
10.34684396,43.0411447,7
7.644363175,32.7111251,7
5.967257224,31.39030724,7
13.60921515,60.46996814,7
10.72398895,51.59302616,7
16.27699276,77.05642725,7
15.12273749,68.91441596,7
11.79083261,53.24047874,7
1.689542805,14.60444639,7
18.97207384,95.42266553,7
17.19594743,75.15386445,7
1.516612102,18.74034209,7
9.738523642,42.69446215,7
5.484392774,25.37811052,7
3.291690524,18.16771956,8
4.86156786,22.47921444,8
16.71868609,67.98652606,8
19.01646001,92.17748111,8
0.031572554,9.871416053,8
13.48633555,58.45308169,8
10.82536411,40.5720185,8
1.001567791,14.16767046,8
3.280927201,18.64772277,8
18.91739998,95.59402229,8
3.209020847,15.62127967,8
15.72195985,68.87843001,8
5.904118858,26.40002752,8
4.835859387,22.49610007,8
1.685064455,11.81936633,8
1.088822879,14.46636506,8
3.806965437,21.24334302,8
1.125177874,13.29731385,8
3.282579686,17.99979724,8
-0.016766235,11.05947101,8
9.655019264,44.60224526,8
15.70101964,66.77462804,8
11.93047347,48.51576498,8
10.9073254,48.15874707,8
18.95327282,89.67208294,8
14.66476499,63.07492838,8
14.52943868,58.29702082,8
15.0752932,61.78184041,8
4.400436314,21.31468388,8
16.2037964,72.26759243,8
14.58153237,63.28105331,8
6.966096751,33.15098382,8
15.6017951,73.42562447,8
11.38716414,53.24102485,8
12.53809584,55.95573613,8
-0.106604156,7.040402146,8
8.077345353,33.2396011,8
0.100766835,11.44434998,8
20.00768818,105.7470293,8
0.101951264,10.5043557,8
1.549728087,11.49166929,8
6.512707847,23.93292804,8
5.38126609,25.34735994,8
0.648032421,8.201437098,8
2.68022303,21.23155463,8
15.21539991,70.67226259,8
17.75310547,79.54501192,8
15.61558602,85.009328,8
0.582488329,11.57196433,8
9.251482571,39.06300419,8
9.741744528,40.74751692,9
18.84634132,92.78770915,9
4.228023959,22.93792916,9
0.589317833,13.82597761,9
8.052927356,31.22126993,9
15.07244276,68.85625753,9
17.19448366,80.34683499,9
5.437832214,24.2506174,9
11.94880942,58.62401166,9
5.352976654,25.82289316,9
10.89440383,53.3023376,9
8.743489429,40.47635737,9
4.874563553,27.86335175,9
17.94383774,81.70395469,9
4.368647735,23.6490022,9
18.96229094,86.79938958,9
6.528661662,23.88217592,9
2.235405709,19.39868743,9
14.6135224,70.22075631,9
11.34471679,48.68880691,9
0.515362825,11.31859612,9
7.640790638,33.6538016,9
-0.078822942,11.71763897,9
13.48652524,61.3802581,9
8.19574153,32.97813878,9
16.29173063,78.21123454,9
4.308894805,20.98669399,9
5.478197875,25.42474517,9
14.07955673,62.96230036,9
5.506943288,21.95150654,9
2.099343247,18.56973612,9
13.58614143,63.09066879,9
10.77874004,40.16475247,9
0.993721447,12.57746115,9
12.45330825,56.31175397,9
2.655192559,16.15250837,9
16.82152215,69.93276257,9
14.10382649,68.26350833,9
4.425809187,21.59458318,9
17.90112503,79.15947454,9
13.58794462,54.84745327,9
2.73890609,18.05615386,9
10.89101941,50.66549999,9
19.01954239,97.26159022,9
20.07831412,99.45790104,9
16.78595986,74.91352604,9
17.31169886,84.96177836,9
18.42471212,72.54037269,9
6.006280516,29.79810484,9
18.41168384,95.29185235,9
10.1722368,46.08266917,10
12.87657672,53.39457549,10
15.22492942,61.37460757,10
7.660903153,30.56012646,10
13.01338472,53.20417812,10
17.7321806,83.89475499,10
4.840165789,19.98980732,10
9.25139515,37.58040981,10
3.744568905,18.63581353,10
8.641811666,32.98037443,10
12.9095592,57.57064263,10
0.071580104,11.07787429,10
16.31276627,72.55834062,10
19.52722378,92.05976813,10
4.226979627,19.50315843,10
18.84711307,89.96975851,10
3.146148594,18.59537457,10
7.571106571,33.47343419,10
3.785599304,20.89046252,10
8.214306824,41.72861273,10
12.87838481,57.3533274,10
8.015804047,35.37104491,10
17.20728041,72.90124252,10
17.82198128,82.71686889,10
3.717284515,15.23231059,10
16.12041096,67.1561767,10
13.05956627,65.98861547,10
16.13202857,75.14359042,10
14.55343763,57.5721972,10
8.625971427,30.99732507,10
17.74696073,76.24046378,10
15.66403321,77.849155,10
15.63598919,72.93675345,10
17.89949445,79.89225627,10
13.56622506,57.4422508,10
0.458532875,8.409841174,10
15.63497654,73.14172706,10
13.97001678,69.82684878,10
7.5488464,38.348688,10
5.344105166,22.03029354,10
4.903246388,27.69058279,10
4.270424317,22.06152169,10
10.18020269,41.21971324,10
2.215898136,13.19825145,10
7.03816044,33.00656959,10
1.13610605,15.39646753,10
7.075896055,29.14828863,10
3.271021366,21.25553403,10
13.02495862,60.75362515,10
3.727783709,21.52426644,10
8.586298425,35.34487721,11
9.145207786,35.84021171,11
7.034861294,33.25615627,11
19.9136062,102.7508418,11
15.56930633,74.29980146,11
3.260511424,15.19646683,11
6.507243158,29.6174163,11
2.728581349,18.83567051,11
16.1178613,79.03852949,11
19.53272961,89.96279344,11
0.094017214,8.13596202,11
6.401434184,23.74919805,11
17.23851048,79.7390136,11
8.703515615,43.67753013,11
4.420530956,19.29383217,11
14.6131677,71.6218787,11
6.450034968,30.34507683,11
14.67626288,61.43463599,11
13.46865453,54.42072489,11
2.733297665,14.60438553,11
0.475469577,8.982680064,11
3.170576402,15.30437682,11
2.596075689,16.7170788,11
6.558454322,24.17829053,11
2.153519697,19.41225802,11
6.004811999,28.45985246,11
6.452187471,24.93252594,11
15.56882702,64.22246049,11
16.20873482,65.72170532,11
8.055855166,35.1675873,11
4.83615223,21.5952869,11
16.66458582,83.1545719,11
13.07094586,57.86368568,11
11.9662273,50.98560216,11
4.300979555,24.99802543,11
14.15778632,68.80705267,11
0.477103102,8.7146914,11
9.624625948,39.78138009,11
17.35299381,86.47841549,11
18.32350237,82.7639782,11
3.751442943,17.47350228,11
3.698701741,24.16393507,11
2.638452793,19.9975044,11
13.00741177,51.98668419,11
10.80368714,42.24669977,11
18.42992725,85.3020959,11
9.658436795,34.97445092,11
19.38186199,95.61789838,11
6.472520423,35.14168243,11
10.72273721,48.65880302,11
14.69071057,73.95063018,12
19.41363046,89.73323398,12
6.38017046,32.81475477,12
12.51528983,51.89991516,12
7.621557547,30.70943149,12
9.218750934,37.14880766,12
7.661432674,32.04242255,12
11.96377251,54.26840437,12
2.660940499,10.06328632,12
17.78434886,76.3797238,12
2.058734021,12.65623546,12
8.120072999,36.89820398,12
14.10503962,64.88062198,12
17.34931087,83.91719621,12
6.98085514,29.3618074,12
16.71284541,81.00780204,12
11.92041316,47.08349713,12
14.55010791,64.63665702,12
9.810062817,44.05989115,12
19.50913945,100.7811132,12
2.103311413,15.41382655,12
7.523466518,24.06884328,12
17.25013856,78.68791336,12
14.13447343,58.53521976,12
15.18057242,74.13083506,12
16.2588643,81.61340691,12
10.28140632,43.49138016,12
3.764949022,17.77019089,12
10.25494902,46.81409633,12
17.90347695,88.42937463,12
13.98078673,61.04035755,12
1.106398033,13.50925757,12
14.00821261,61.02404543,12
8.584382793,32.05110703,12
8.104685242,36.08340837,12
5.480592463,24.31359873,12
18.82667133,95.30252793,12
19.91476341,87.1652964,12
11.40497526,40.51775648,12
6.478802257,27.18726773,12
4.261519259,20.35501487,12
1.02905561,13.33181138,12
14.56310221,62.22625114,12
6.405830565,28.60755558,12
0.455826852,13.39050954,12
5.304251531,22.35216921,12
10.7487084,43.82743621,12
15.23005836,60.33791594,12
11.91115666,52.49224166,12
16.31507921,74.57784618,12
5.906927754,25.50877276,13
19.94134112,92.71753104,13
11.8446168,45.02759349,13
6.94006908,30.50339054,13
1.643608789,12.72128369,13
6.474089489,22.92432471,13
7.609858953,35.45264636,13
13.94784487,61.61867103,13
11.81061813,49.59713155,13
6.541584798,26.82370388,13
0.003243214,10.59182183,13
0.071883497,11.20350492,13
10.82750132,47.28307208,13
12.52682207,48.82665722,13
19.45750625,102.2265848,13
18.42733294,86.2211656,13
16.14866978,74.29303798,13
0.044867593,7.841245002,13
20.06375065,97.43651861,13
20.09290985,89.46173804,13
0.516971903,12.45543266,13
7.05180395,30.98311012,13
4.419235676,16.98559553,13
8.070917619,33.9713899,13
3.28243102,19.99782259,13
2.739487149,17.96945183,13
4.82653242,26.99389621,13
4.849482144,19.84978914,13
4.355833432,22.03489626,13
12.37470396,51.76353066,13
7.597294367,34.21617416,13
9.202059082,40.60993021,13
0.537965847,9.566689132,13
4.317465597,19.70001787,13
15.75001172,63.86217571,13
19.92009297,95.627107,13
20.08939926,100.5648023,13
12.8768119,58.69371815,13
16.16348641,73.98075635,13
4.880278266,18.9169603,13
18.27939341,96.17259335,13
7.618660162,29.08239506,13
16.74420071,67.12935589,13
1.058814151,10.78166128,13
14.10513398,61.27922913,13
6.014706621,26.09004362,13
19.53508287,97.23503409,13
12.91035397,47.55824059,13
0.554525855,9.338472472,13
12.4604584,46.1645369,13
14.54368521,62.61060755,14
16.19044136,89.85559081,14
15.59808554,73.06049313,14
10.3319402,40.77886441,14
9.774697785,41.60111907,14
8.115230421,29.76669125,14
19.53708562,103.1492331,14
19.97691852,99.79449888,14
4.419423955,18.31296411,14
19.43321669,102.863678,14
14.63426599,60.41680195,14
10.19160834,44.03996841,14
3.761492334,23.41697684,14
0.592765355,9.302448682,14
19.45490069,111.2898542,14
12.96594189,55.36169719,14
6.567105177,26.25163297,14
9.150721369,37.41409556,14
8.054756163,30.80908324,14
10.17648063,42.46015695,14
4.851640237,16.1225595,14
3.265749597,16.87557236,14
10.72063478,39.04057977,14
5.869372825,23.84716459,14
14.50822444,65.64305095,14
5.966849765,24.74638096,14
8.730952573,37.33769589,14
1.084335054,11.77368963,14
19.42536848,90.92618498,14
8.72808311,42.47308582,14
17.87061773,80.76765664,14
11.97090257,56.2747502,14
5.333236273,24.44742628,14
10.72820379,45.34114519,14
7.112108701,24.59057069,14
16.67717361,82.65354084,14
8.205386152,41.65703275,14
17.270428,81.19971253,14
3.329697577,16.60273837,14
8.028563315,33.71592164,14
2.613831246,16.81070113,14
5.50320366,27.67945529,14
19.97005686,93.77967109,14
3.845953957,22.71989572,14
9.702963962,40.4178971,14
0.049477108,10.83667795,14
-0.053953959,9.776004427,14
16.13332548,71.33874101,14
11.40715607,47.99526567,14
16.30057049,68.94728568,14
2.102019734,16.50181217,15
4.238555908,19.53484933,15
7.488468867,27.35758835,15
16.77989582,83.75960999,15
7.62066425,29.25044036,15
13.6137694,59.70277139,15
13.51375527,64.59206569,15
18.9029645,108.4498848,15
8.038876672,35.40301053,15
15.07888352,68.50415075,15
-0.026947621,10.20016741,15
18.38110986,90.33815508,15
8.160233524,32.7312432,15
5.317054213,21.3480866,15
2.191191633,14.30329139,15
9.827627295,41.96568313,15
16.82336514,67.41060647,15
3.257476897,22.16368316,15
-0.011463222,8.75354005,15
14.11458566,60.90954698,15
3.163704095,15.12492333,15
9.777903154,39.85414349,15
18.2957975,80.75616263,15
14.61469808,60.81231834,15
4.392207282,19.44788852,15
0.433807968,9.961334725,15
11.4069771,50.22015507,15
9.235819685,37.76169714,15
5.998589136,30.74172507,15
7.037550258,28.76864858,15
3.887854405,20.75139751,15
6.473385634,28.42311026,15
4.227981866,22.29646027,15
2.217070495,19.69088175,15
10.89252304,46.40817254,15
15.13528694,64.33243215,15
7.602701854,31.3654895,15
1.131208232,12.91531844,15
15.62130975,64.30127383,15
6.051308452,27.75721597,15
12.41847582,50.04485994,15
14.11207131,67.20398698,15
4.869605137,26.73536636,15
12.51140195,57.72565299,15
18.94132132,92.45963247,15
18.86844396,88.530339,15
19.56259664,107.5577729,15
7.595263423,32.11667266,15
16.12006726,70.10320376,15
11.31861826,48.45934103,15
5.454235092,23.77009298,16
13.45905109,55.90043732,16
4.275585041,19.0408195,16
6.960273877,31.08404467,16
10.72036151,45.4633969,16
11.43014413,41.73096248,16
1.584780981,13.0680472,16
16.19083983,71.78110384,16
12.52401958,48.70463402,16
5.959788296,22.05010665,16
11.93509713,49.38749484,16
5.437339357,22.61594725,16
3.806201864,16.64544636,16
17.92853269,82.45409529,16
4.778180032,23.68774379,16
10.78122478,45.46661401,16
4.840147712,25.65123129,16
4.94651518,25.11566149,16
4.295160037,14.14673599,16
17.3685218,89.32927695,16
17.26573234,86.95204653,16
8.717290589,32.816408,16
19.4360001,104.2263862,16
18.34772508,83.92677165,16
6.584431317,29.71005644,16
0.601813739,12.02524775,16
11.85441469,46.76023002,16
14.02401543,59.42626627,16
6.379489111,24.39674417,16
14.1447269,56.25453237,16
9.814408623,47.20266409,16
19.40192316,97.82132153,16
5.334319254,19.81430492,16
11.31867971,50.02758245,16
3.153766143,19.94156038,16
6.473232699,29.87103562,16
13.07940102,62.1499116,16
12.94541538,60.22649494,16
3.30581523,15.24406808,16
4.395621785,24.44865246,16
8.754485537,39.81759624,16
1.087578912,12.56386089,16
-0.086544904,8.467403624,16
0.076425968,9.944578071,16
4.328096998,20.28972399,16
14.54572072,64.38577735,16
2.19510746,14.01347211,16
18.84005745,97.01216696,16
10.34502282,42.42933299,16
9.83099058,41.85665972,16
20.06720854,88.41005407,17
11.87441184,48.41795556,17
4.295898892,25.64076391,17
10.83218577,37.80341882,17
14.51913758,62.4757719,17
8.748966912,32.35377157,17
20.03225849,102.787597,17
1.619544743,14.35356141,17
7.606037975,27.79789824,17
3.75768819,15.89607212,17
3.683472951,20.67329503,17
10.23315985,40.89925371,17
5.897281357,28.16481182,17
0.01102827,10.04799,17
4.930284978,22.60640573,17
10.90482968,43.59769185,17
3.209474567,19.45791585,17
8.633953017,29.45483658,17
1.15338131,8.143329616,17
13.5394602,64.7611088,17
13.43848548,57.25632363,17
13.6089461,61.38400902,17
17.93448927,79.76726005,17
15.72027206,77.70998857,17
1.519104714,12.26846717,17
5.383633784,22.03046017,17
3.135285869,16.46414149,17
5.390027613,25.20782095,17
19.47254914,96.40564327,17
9.82641389,40.20501567,17
5.866768942,25.18503422,17
10.70610924,43.62470667,17
16.70384176,81.29891317,17
6.548634254,28.7578075,17
13.03539121,57.52300372,17
5.865320072,31.75873491,17
4.870249405,20.52902588,17
5.503491173,28.35562174,17
9.190144922,41.66809205,17
7.578467711,34.81739072,17
19.55010178,99.77531192,17
3.806275792,20.66397454,17
5.411900088,23.76274135,17
8.150704842,36.53469144,17
1.628181515,11.44604534,17
3.748315661,16.57374515,17
12.53432547,57.56938123,17
1.051151904,13.87097797,17
5.342648852,29.69910059,17
3.684253667,17.57921168,17
14.11135597,61.16437841,18
8.083810429,33.10702806,18
8.635643203,36.49569601,18
-0.082107233,11.40923058,18
10.81307309,49.88602371,18
18.81587833,93.80436395,18
12.46558517,48.81454652,18
6.429413098,28.79379191,18
3.153834087,19.74136495,18
10.33671796,44.47737122,18
3.330308031,18.48893306,18
18.40214063,89.91360681,18
17.20619763,85.3887731,18
2.160337724,14.76251619,18
16.29852827,77.73303178,18
8.072146823,35.27516575,18
17.29173291,80.18533262,18
8.125245788,35.34142986,18
10.81650211,42.48056001,18
6.020887528,27.93534083,18
10.25053922,45.05396467,18
7.493831515,34.41707797,18
6.979781586,34.67198446,18
9.169914745,35.48301616,18
15.76767273,68.11585233,18
15.09929166,58.6705019,18
10.7948115,40.92650759,18
5.922572054,24.40554032,18
19.99294934,103.8896592,18
6.002947565,26.60081966,18
2.159960799,15.58254743,18
16.74806341,69.90699882,18
10.87450727,44.89113116,18
6.935316369,32.63007201,18
12.41479804,45.41443106,18
8.019660104,27.41143201,18
15.58510411,68.17346818,18
9.779884094,34.16761292,18
10.74495294,42.89614628,18
9.154064414,36.12047043,18
14.52548303,67.14476541,18
12.89689485,54.5598805,18
5.436291698,26.73451431,18
13.53039055,54.69846325,18
4.408143715,18.11272839,18
17.73656003,78.47357889,18
5.411171861,23.84269162,18
11.81469823,50.59759346,18
7.663539616,34.65972406,18
7.513853499,30.4555286,18
15.07678375,65.46430744,19
1.548540314,13.60773292,19
12.98658228,59.31123962,19
5.86760006,24.68817877,19
0.4533009,10.12178453,19
2.59671641,17.37291323,19
3.292718781,16.31031927,19
18.94834713,97.9880111,19
9.283917626,35.1339556,19
16.20786709,77.64968202,19
-0.018955574,6.25322716,19
16.73472131,84.62544714,19
7.656901507,30.63666074,19
12.50641674,49.74850508,19
19.02599227,95.12112501,19
10.26469986,40.46183312,19
4.796585173,20.94538193,19
15.06522974,64.6803116,19
4.964373961,21.72607166,19
5.925180576,23.33490378,19
18.94666145,91.70114801,19
4.417326517,20.56176571,19
3.173583368,17.3840125,19
14.06950641,62.08952394,19
9.707125171,41.28910433,19
15.66975091,67.63695556,19
8.192494513,34.44451092,19
1.654079997,13.05150945,19
0.504559876,10.37912743,19
11.86747075,54.57064981,19
0.046755769,10.06709972,19
11.30633453,56.35517575,19
6.032582999,23.49572402,19
11.82873197,44.95805391,19
18.40919317,82.66660147,19
7.536557289,26.19350048,19
19.4562099,93.66452883,19
17.86947428,85.50675407,19
6.466217938,30.53419089,19
14.50205921,68.07593198,19
2.238692288,11.95705582,19
2.219137464,15.58963891,19
10.23487037,42.82684521,19
17.32794632,76.05317426,19
0.627444751,11.82134135,19
14.61151086,69.1669201,19
16.28800793,74.05002527,19
1.121768234,13.24762273,19
13.54700928,61.07140546,19
8.09095902,32.57685014,19
10.90855931,49.31939822,20
5.908509578,24.0759819,20
10.83321427,41.73137134,20
2.770300617,14.14756293,20
8.641060354,33.39064241,20
11.3880584,48.66777887,20
12.4690124,52.9804092,20
13.51240886,59.81411654,20
2.687664703,17.13514306,20
2.085300991,13.34702155,20
14.56960467,75.49462071,20
19.4819235,106.3313342,20
16.22246148,77.11407988,20
0.024513141,10.5133261,20
19.55310187,90.74568866,20
14.65863376,66.84787676,20
18.28768374,93.88377164,20
5.417043771,26.61623115,20
9.228898391,38.86151575,20
16.23738934,73.54657524,20
10.35603353,41.7519383,20
9.764133287,40.7103327,20
11.98488052,39.96640827,20
0.563053531,6.577677598,20
11.93622721,52.39921286,20
16.69284091,77.67466971,20
15.14059314,62.92879621,20
7.613272223,31.09447965,20
14.13403565,64.24834481,20
0.026581803,11.17797408,20
9.642306285,41.71866536,20
3.225817272,19.19808204,20
14.65706135,66.67821075,20
-0.104627318,10.30198222,20
-0.044972905,8.186953739,20
16.2686865,75.01000143,20
2.149623767,14.73280184,20
6.006906301,29.00805909,20
5.873322556,22.49563575,20
20.02522222,104.0608272,20
4.288796268,22.30573006,20
2.082789628,17.77147064,20
13.54055705,58.11324636,20
6.91954123,27.11435148,20
14.65817139,74.37390634,20
7.555390908,26.66915724,20
11.24344713,52.33866169,20
5.444110507,25.86680902,20
13.40559229,62.28174783,20
14.61706456,65.20626151,20
