"nick_name","pic_id","sample_size","test_param","param_value","p_value","obs_plot_location","pic_name","experiment","difficulty","data_name","set","target_curvature","target_variability","null_curvature","null_variability","rorschach","wp","curvature","phat_ijk","nick_name_l","data_name_m","wp_ijlm","correct"
1,"25",50,"linear","target-H-Lv_null-E-Lv_r0",1,1,"plots/svg/3abe4bc02329ef5d724fd9ae7d438532.svg","emily-log-1",107,"d5c6dd039c67d2cb6771b22aa1c6aaac",1,"H","Lv","E","Lv","0","561","t-H_n-E",0.174702687188983,0.437662444816252,-0.159521290292368,-0.0802848552123959,0
1,"26",50,"log","target-H-Lv_null-E-Lv_r0",1,1,"plots/svg/929c1e7fdc8f70077cdaf06728393cf6.svg","emily-log-1",207,"d5c6dd039c67d2cb6771b22aa1c6aaac",1,"H","Lv","E","Lv","0","561","t-H_n-E",0.205135598219931,0.437662444816252,-0.159521290292368,-0.0802848552123959,0
1,"13",50,"linear","target-M-Lv_null-E-Lv_r0",1,10,"plots/svg/5df2947852318075a066e55984da5020.svg","emily-log-1",104,"8ad2ea6719790c191cedf1038d3cbca5",1,"M","Lv","E","Lv","0","401","t-M_n-E",0.521716548316181,0.437662444816252,-0.818059116300471,0.280266020623661,1
1,"32",50,"log","target-H-Lv_null-M-Lv_r0",1,12,"plots/svg/39f08ba7613fc59a3b114a36a3a14244.svg","emily-log-1",208,"b79bc1a0fdbb69edc87fe34883a066d6",2,"H","Lv","M","Lv","0","481","t-H_n-M",0.797347616404295,0.437662444816252,-0.178388343363251,0.57756775831656,1
1,"31",50,"linear","target-H-Lv_null-M-Lv_r0",1,12,"plots/svg/e9510e025a1152c8bc78255bdc926f93.svg","emily-log-1",108,"b79bc1a0fdbb69edc87fe34883a066d6",2,"H","Lv","M","Lv","0","481","t-H_n-M",0.422632393054664,0.437662444816252,-0.178388343363251,0.57756775831656,1
1,"12",50,"log","target-E-Lv_null-H-Lv_r0",1,17,"plots/svg/19640c3dc14337740f45aee91eed5803.svg","emily-log-1",203,"6a72b42ba970ea6798a886761baf324f",2,"E","Lv","H","Lv","0","201","t-E_n-H",0.858427377231419,0.437662444816252,-0.478172100117287,-0.0924439569541005,1
1,"11",50,"linear","target-E-Lv_null-H-Lv_r0",1,17,"plots/svg/16ce6f7a2dfb1a760c7ba8bcd54daccc.svg","emily-log-1",103,"6a72b42ba970ea6798a886761baf324f",2,"E","Lv","H","Lv","0","201","t-E_n-H",0.318127872049809,0.437662444816252,-0.478172100117287,-0.0924439569541005,0
1,"14",50,"log","target-M-Lv_null-E-Lv_r0",1,10,"plots/svg/df10610fd0e27c50fe0db5b8ca04f080.svg","emily-log-1",204,"8ad2ea6719790c191cedf1038d3cbca5",1,"M","Lv","E","Lv","0","401","t-M_n-E",0.22636586856097,0.437662444816252,-0.818059116300471,0.280266020623661,1
2,"29",50,"linear","target-H-Lv_null-M-Lv_r0",1,12,"plots/svg/abd7b714d3c960b93247a0a3e0308473.svg","emily-log-1",108,"f28e70dc6b7365974b49d253cdd85363",1,"H","Lv","M","Lv","0","682","t-H_n-M",0.422632393054664,0.000425138128973063,-0.0103458610241863,0.175298512788016,1
2,"9",50,"linear","target-E-Lv_null-H-Lv_r0",1,15,"plots/svg/b3a9571d8982604b9f655471bfe04fc1.svg","emily-log-1",103,"d14de6e8946c29750256921ce0462931",1,"E","Lv","H","Lv","0","522","t-E_n-H",0.318127872049809,0.000425138128973063,0.23179931354376,-0.186048593432541,0
2,"26",50,"log","target-H-Lv_null-E-Lv_r0",1,1,"plots/svg/929c1e7fdc8f70077cdaf06728393cf6.svg","emily-log-1",207,"d5c6dd039c67d2cb6771b22aa1c6aaac",1,"H","Lv","E","Lv","0","562","t-H_n-E",0.205135598219931,0.000425138128973063,-0.159521290292368,0.581945401575062,0
2,"14",50,"log","target-M-Lv_null-E-Lv_r0",1,10,"plots/svg/df10610fd0e27c50fe0db5b8ca04f080.svg","emily-log-1",204,"8ad2ea6719790c191cedf1038d3cbca5",1,"M","Lv","E","Lv","0","402","t-M_n-E",0.22636586856097,0.000425138128973063,-0.818059116300471,-0.0444864154033555,0
2,"25",50,"linear","target-H-Lv_null-E-Lv_r0",1,1,"plots/svg/3abe4bc02329ef5d724fd9ae7d438532.svg","emily-log-1",107,"d5c6dd039c67d2cb6771b22aa1c6aaac",1,"H","Lv","E","Lv","0","562","t-H_n-E",0.174702687188983,0.000425138128973063,-0.159521290292368,0.581945401575062,1
2,"30",50,"log","target-H-Lv_null-M-Lv_r0",1,12,"plots/svg/e2e1ff57be869422245fc51b15415492.svg","emily-log-1",208,"f28e70dc6b7365974b49d253cdd85363",1,"H","Lv","M","Lv","0","682","t-H_n-M",0.797347616404295,0.000425138128973063,-0.0103458610241863,0.175298512788016,1
2,"10",50,"log","target-E-Lv_null-H-Lv_r0",1,15,"plots/svg/b31a013dcd39fb18f0adb334dea600e1.svg","emily-log-1",203,"d14de6e8946c29750256921ce0462931",1,"E","Lv","H","Lv","0","522","t-E_n-H",0.858427377231419,0.000425138128973063,0.23179931354376,-0.186048593432541,1
2,"13",50,"linear","target-M-Lv_null-E-Lv_r0",1,10,"plots/svg/5df2947852318075a066e55984da5020.svg","emily-log-1",104,"8ad2ea6719790c191cedf1038d3cbca5",1,"M","Lv","E","Lv","0","402","t-M_n-E",0.521716548316181,0.000425138128973063,-0.818059116300471,-0.0444864154033555,1
3,"13",50,"linear","target-M-Lv_null-E-Lv_r0",1,10,"plots/svg/5df2947852318075a066e55984da5020.svg","emily-log-1",104,"8ad2ea6719790c191cedf1038d3cbca5",1,"M","Lv","E","Lv","0","403","t-M_n-E",0.521716548316181,-0.456146607837353,-0.818059116300471,-0.310143379547934,0
3,"12",50,"log","target-E-Lv_null-H-Lv_r0",1,17,"plots/svg/19640c3dc14337740f45aee91eed5803.svg","emily-log-1",203,"6a72b42ba970ea6798a886761baf324f",2,"E","Lv","H","Lv","0","203","t-E_n-H",0.858427377231419,-0.456146607837353,-0.478172100117287,0.262656378966106,0
3,"26",50,"log","target-H-Lv_null-E-Lv_r0",1,1,"plots/svg/929c1e7fdc8f70077cdaf06728393cf6.svg","emily-log-1",207,"d5c6dd039c67d2cb6771b22aa1c6aaac",1,"H","Lv","E","Lv","0","563","t-H_n-E",0.205135598219931,-0.456146607837353,-0.159521290292368,-0.732195872161679,0
3,"25",50,"linear","target-H-Lv_null-E-Lv_r0",1,1,"plots/svg/3abe4bc02329ef5d724fd9ae7d438532.svg","emily-log-1",107,"d5c6dd039c67d2cb6771b22aa1c6aaac",1,"H","Lv","E","Lv","0","563","t-H_n-E",0.174702687188983,-0.456146607837353,-0.159521290292368,-0.732195872161679,0
3,"14",50,"log","target-M-Lv_null-E-Lv_r0",1,10,"plots/svg/df10610fd0e27c50fe0db5b8ca04f080.svg","emily-log-1",204,"8ad2ea6719790c191cedf1038d3cbca5",1,"M","Lv","E","Lv","0","403","t-M_n-E",0.22636586856097,-0.456146607837353,-0.818059116300471,-0.310143379547934,0
3,"11",50,"linear","target-E-Lv_null-H-Lv_r0",1,17,"plots/svg/16ce6f7a2dfb1a760c7ba8bcd54daccc.svg","emily-log-1",103,"6a72b42ba970ea6798a886761baf324f",2,"E","Lv","H","Lv","0","203","t-E_n-H",0.318127872049809,-0.456146607837353,-0.478172100117287,0.262656378966106,0
4,"23",50,"linear","target-M-Lv_null-H-Lv_r0",1,13,"plots/svg/a22fa470f1028ba1fa6fc5d121887a46.svg","emily-log-1",106,"184b9f1a90081e0ffeedc112c6431d9c",2,"M","Lv","H","Lv","0","4","t-M_n-H",0.100623667612672,0.659232567582947,0.000708788564835677,0.0125683120752333,0
4,"12",50,"log","target-E-Lv_null-H-Lv_r0",1,17,"plots/svg/19640c3dc14337740f45aee91eed5803.svg","emily-log-1",203,"6a72b42ba970ea6798a886761baf324f",2,"E","Lv","H","Lv","0","204","t-E_n-H",0.858427377231419,0.659232567582947,-0.478172100117287,0.166489107752255,0
4,"24",50,"log","target-M-Lv_null-H-Lv_r0",1,13,"plots/svg/5e448cd61317e5499aee6d7ea7906c64.svg","emily-log-1",206,"184b9f1a90081e0ffeedc112c6431d9c",2,"M","Lv","H","Lv","0","4","t-M_n-H",0.26879573687911,0.659232567582947,0.000708788564835677,0.0125683120752333,1
4,"11",50,"linear","target-E-Lv_null-H-Lv_r0",1,17,"plots/svg/16ce6f7a2dfb1a760c7ba8bcd54daccc.svg","emily-log-1",103,"6a72b42ba970ea6798a886761baf324f",2,"E","Lv","H","Lv","0","204","t-E_n-H",0.318127872049809,0.659232567582947,-0.478172100117287,0.166489107752255,0
4,"8",50,"log","target-E-Lv_null-M-Lv_r0",1,14,"plots/svg/ef16f06ed4708fcd12a6249492a1e12a.svg","emily-log-1",202,"e079c7c97296f2c777bede60f7d1c5b7",2,"E","Lv","M","Lv","0","604","t-E_n-M",0.18037046585232,0.659232567582947,-0.0861896208190713,-0.387779871288946,0
4,"7",50,"linear","target-E-Lv_null-M-Lv_r0",1,14,"plots/svg/19458f4a249031b8179c02b343dffe30.svg","emily-log-1",102,"e079c7c97296f2c777bede60f7d1c5b7",2,"E","Lv","M","Lv","0","604","t-E_n-M",0.863858711719513,0.659232567582947,-0.0861896208190713,-0.387779871288946,1
5,"13",50,"linear","target-M-Lv_null-E-Lv_r0",1,10,"plots/svg/5df2947852318075a066e55984da5020.svg","emily-log-1",104,"8ad2ea6719790c191cedf1038d3cbca5",1,"M","Lv","E","Lv","0","405","t-M_n-E",0.521716548316181,-0.217211598233375,-0.818059116300471,-0.187739986097342,1
5,"10",50,"log","target-E-Lv_null-H-Lv_r0",1,15,"plots/svg/b31a013dcd39fb18f0adb334dea600e1.svg","emily-log-1",203,"d14de6e8946c29750256921ce0462931",1,"E","Lv","H","Lv","0","525","t-E_n-H",0.858427377231419,-0.217211598233375,0.23179931354376,-0.824411657549016,1
5,"29",50,"linear","target-H-Lv_null-M-Lv_r0",1,12,"plots/svg/abd7b714d3c960b93247a0a3e0308473.svg","emily-log-1",108,"f28e70dc6b7365974b49d253cdd85363",1,"H","Lv","M","Lv","0","685","t-H_n-M",0.422632393054664,-0.217211598233375,-0.0103458610241863,-0.599129603435972,0
5,"30",50,"log","target-H-Lv_null-M-Lv_r0",1,12,"plots/svg/e2e1ff57be869422245fc51b15415492.svg","emily-log-1",208,"f28e70dc6b7365974b49d253cdd85363",1,"H","Lv","M","Lv","0","685","t-H_n-M",0.797347616404295,-0.217211598233375,-0.0103458610241863,-0.599129603435972,1
5,"28",50,"log","target-H-Lv_null-E-Lv_r0",1,9,"plots/svg/f5a285159cccc2e9e1c610c6dab92348.svg","emily-log-1",207,"47748c8978f11fc269bed62ca7f6a4d3",2,"H","Lv","E","Lv","0","165","t-H_n-E",0.205135598219931,-0.217211598233375,-0.183704045840738,-0.667434205458784,0
5,"9",50,"linear","target-E-Lv_null-H-Lv_r0",1,15,"plots/svg/b3a9571d8982604b9f655471bfe04fc1.svg","emily-log-1",103,"d14de6e8946c29750256921ce0462931",1,"E","Lv","H","Lv","0","525","t-E_n-H",0.318127872049809,-0.217211598233375,0.23179931354376,-0.824411657549016,0
5,"27",50,"linear","target-H-Lv_null-E-Lv_r0",1,9,"plots/svg/d4332bd8e199471b74969e986f987ac8.svg","emily-log-1",107,"47748c8978f11fc269bed62ca7f6a4d3",2,"H","Lv","E","Lv","0","165","t-H_n-E",0.174702687188983,-0.217211598233375,-0.183704045840738,-0.667434205458784,0
5,"14",50,"log","target-M-Lv_null-E-Lv_r0",1,10,"plots/svg/df10610fd0e27c50fe0db5b8ca04f080.svg","emily-log-1",204,"8ad2ea6719790c191cedf1038d3cbca5",1,"M","Lv","E","Lv","0","405","t-M_n-E",0.22636586856097,-0.217211598233375,-0.818059116300471,-0.187739986097342,0
6,"28",50,"log","target-H-Lv_null-E-Lv_r0",1,9,"plots/svg/f5a285159cccc2e9e1c610c6dab92348.svg","emily-log-1",207,"47748c8978f11fc269bed62ca7f6a4d3",2,"H","Lv","E","Lv","0","166","t-H_n-E",0.205135598219931,0.271650214461488,-0.183704045840738,0.0853560062344609,0
6,"27",50,"linear","target-H-Lv_null-E-Lv_r0",1,9,"plots/svg/d4332bd8e199471b74969e986f987ac8.svg","emily-log-1",107,"47748c8978f11fc269bed62ca7f6a4d3",2,"H","Lv","E","Lv","0","166","t-H_n-E",0.174702687188983,0.271650214461488,-0.183704045840738,0.0853560062344609,0
6,"8",50,"log","target-E-Lv_null-M-Lv_r0",1,14,"plots/svg/ef16f06ed4708fcd12a6249492a1e12a.svg","emily-log-1",202,"e079c7c97296f2c777bede60f7d1c5b7",2,"E","Lv","M","Lv","0","606","t-E_n-M",0.18037046585232,0.271650214461488,-0.0861896208190713,-0.584448469746972,0
6,"21",50,"linear","target-M-Lv_null-H-Lv_r0",1,1,"plots/svg/20d0abf28998f59ada75cce6b4999158.svg","emily-log-1",106,"3d689aa117d70559b73fe8398f1a44c6",1,"M","Lv","H","Lv","0","86","t-M_n-H",0.100623667612672,0.271650214461488,0.219840781869891,0.529836818782079,0
6,"11",50,"linear","target-E-Lv_null-H-Lv_r0",1,17,"plots/svg/16ce6f7a2dfb1a760c7ba8bcd54daccc.svg","emily-log-1",103,"6a72b42ba970ea6798a886761baf324f",2,"E","Lv","H","Lv","0","206","t-E_n-H",0.318127872049809,0.271650214461488,-0.478172100117287,0.0470135826683272,0
6,"7",50,"linear","target-E-Lv_null-M-Lv_r0",1,14,"plots/svg/19458f4a249031b8179c02b343dffe30.svg","emily-log-1",102,"e079c7c97296f2c777bede60f7d1c5b7",2,"E","Lv","M","Lv","0","606","t-E_n-M",0.863858711719513,0.271650214461488,-0.0861896208190713,-0.584448469746972,0
6,"12",50,"log","target-E-Lv_null-H-Lv_r0",1,17,"plots/svg/19640c3dc14337740f45aee91eed5803.svg","emily-log-1",203,"6a72b42ba970ea6798a886761baf324f",2,"E","Lv","H","Lv","0","206","t-E_n-H",0.858427377231419,0.271650214461488,-0.478172100117287,0.0470135826683272,1
6,"22",50,"log","target-M-Lv_null-H-Lv_r0",1,1,"plots/svg/d6bc919b68b3711ec58a7d2d12363647.svg","emily-log-1",206,"3d689aa117d70559b73fe8398f1a44c6",1,"M","Lv","H","Lv","0","86","t-M_n-H",0.26879573687911,0.271650214461488,0.219840781869891,0.529836818782079,0
7,"12",50,"log","target-E-Lv_null-H-Lv_r0",1,17,"plots/svg/19640c3dc14337740f45aee91eed5803.svg","emily-log-1",203,"6a72b42ba970ea6798a886761baf324f",2,"E","Lv","H","Lv","0","207","t-E_n-H",0.858427377231419,0.130792065789029,-0.478172100117287,0.0950436483188143,1
7,"11",50,"linear","target-E-Lv_null-H-Lv_r0",1,17,"plots/svg/16ce6f7a2dfb1a760c7ba8bcd54daccc.svg","emily-log-1",103,"6a72b42ba970ea6798a886761baf324f",2,"E","Lv","H","Lv","0","207","t-E_n-H",0.318127872049809,0.130792065789029,-0.478172100117287,0.0950436483188143,1
7,"24",50,"log","target-M-Lv_null-H-Lv_r0",1,13,"plots/svg/5e448cd61317e5499aee6d7ea7906c64.svg","emily-log-1",206,"184b9f1a90081e0ffeedc112c6431d9c",2,"M","Lv","H","Lv","0","7","t-M_n-H",0.26879573687911,0.130792065789029,0.000708788564835677,0.862891819500973,1
7,"5",50,"linear","target-E-Lv_null-M-Lv_r0",1,12,"plots/svg/35c0c87a6158fa1687b8ff46e56443e6.svg","emily-log-1",102,"87f34b01f1fce217b6c33e04da081ed0",1,"E","Lv","M","Lv","0","367","t-E_n-M",0.863858711719513,0.130792065789029,-0.264222948147594,0.125153691260903,1
7,"6",50,"log","target-E-Lv_null-M-Lv_r0",1,12,"plots/svg/5ecce62e937c1598e901631b3a1821d2.svg","emily-log-1",202,"87f34b01f1fce217b6c33e04da081ed0",1,"E","Lv","M","Lv","0","367","t-E_n-M",0.18037046585232,0.130792065789029,-0.264222948147594,0.125153691260903,0
7,"29",50,"linear","target-H-Lv_null-M-Lv_r0",1,12,"plots/svg/abd7b714d3c960b93247a0a3e0308473.svg","emily-log-1",108,"f28e70dc6b7365974b49d253cdd85363",1,"H","Lv","M","Lv","0","687","t-H_n-M",0.422632393054664,0.130792065789029,-0.0103458610241863,0.307113397619943,1
7,"30",50,"log","target-H-Lv_null-M-Lv_r0",1,12,"plots/svg/e2e1ff57be869422245fc51b15415492.svg","emily-log-1",208,"f28e70dc6b7365974b49d253cdd85363",1,"H","Lv","M","Lv","0","687","t-H_n-M",0.797347616404295,0.130792065789029,-0.0103458610241863,0.307113397619943,0
7,"23",50,"linear","target-M-Lv_null-H-Lv_r0",1,13,"plots/svg/a22fa470f1028ba1fa6fc5d121887a46.svg","emily-log-1",106,"184b9f1a90081e0ffeedc112c6431d9c",2,"M","Lv","H","Lv","0","7","t-M_n-H",0.100623667612672,0.130792065789029,0.000708788564835677,0.862891819500973,0
8,"21",50,"linear","target-M-Lv_null-H-Lv_r0",1,1,"plots/svg/20d0abf28998f59ada75cce6b4999158.svg","emily-log-1",106,"3d689aa117d70559b73fe8398f1a44c6",1,"M","Lv","H","Lv","0","88","t-M_n-H",0.100623667612672,0.212632386411687,0.219840781869891,0.406092816417928,0
8,"8",50,"log","target-E-Lv_null-M-Lv_r0",1,14,"plots/svg/ef16f06ed4708fcd12a6249492a1e12a.svg","emily-log-1",202,"e079c7c97296f2c777bede60f7d1c5b7",2,"E","Lv","M","Lv","0","608","t-E_n-M",0.18037046585232,0.212632386411687,-0.0861896208190713,-0.302944521825028,0
8,"7",50,"linear","target-E-Lv_null-M-Lv_r0",1,14,"plots/svg/19458f4a249031b8179c02b343dffe30.svg","emily-log-1",102,"e079c7c97296f2c777bede60f7d1c5b7",2,"E","Lv","M","Lv","0","608","t-E_n-M",0.863858711719513,0.212632386411687,-0.0861896208190713,-0.302944521825028,1
8,"22",50,"log","target-M-Lv_null-H-Lv_r0",1,1,"plots/svg/d6bc919b68b3711ec58a7d2d12363647.svg","emily-log-1",206,"3d689aa117d70559b73fe8398f1a44c6",1,"M","Lv","H","Lv","0","88","t-M_n-H",0.26879573687911,0.212632386411687,0.219840781869891,0.406092816417928,0
8,"25",50,"linear","target-H-Lv_null-E-Lv_r0",1,1,"plots/svg/3abe4bc02329ef5d724fd9ae7d438532.svg","emily-log-1",107,"d5c6dd039c67d2cb6771b22aa1c6aaac",1,"H","Lv","E","Lv","0","568","t-H_n-E",0.174702687188983,0.212632386411687,-0.159521290292368,0.131018409845932,0
8,"12",50,"log","target-E-Lv_null-H-Lv_r0",1,17,"plots/svg/19640c3dc14337740f45aee91eed5803.svg","emily-log-1",203,"6a72b42ba970ea6798a886761baf324f",2,"E","Lv","H","Lv","0","208","t-E_n-H",0.858427377231419,0.212632386411687,-0.478172100117287,-1.50518198272199,1
8,"16",50,"log","target-M-Lv_null-E-Lv_r0",1,10,"plots/svg/2192c71bf5b17dcdc925ca95c98694e0.svg","emily-log-1",204,"7ff3391e264e98652cdb6eb8b85088c4",2,"M","Lv","E","Lv","0","288","t-M_n-E",0.22636586856097,0.212632386411687,0.110747742570688,0.0175781207404021,1
8,"15",50,"linear","target-M-Lv_null-E-Lv_r0",1,10,"plots/svg/d8dea45d5c5b31523324bc29de32411f.svg","emily-log-1",104,"7ff3391e264e98652cdb6eb8b85088c4",2,"M","Lv","E","Lv","0","288","t-M_n-E",0.521716548316181,0.212632386411687,0.110747742570688,0.0175781207404021,1
8,"26",50,"log","target-H-Lv_null-E-Lv_r0",1,1,"plots/svg/929c1e7fdc8f70077cdaf06728393cf6.svg","emily-log-1",207,"d5c6dd039c67d2cb6771b22aa1c6aaac",1,"H","Lv","E","Lv","0","568","t-H_n-E",0.205135598219931,0.212632386411687,-0.159521290292368,0.131018409845932,0
8,"11",50,"linear","target-E-Lv_null-H-Lv_r0",1,17,"plots/svg/16ce6f7a2dfb1a760c7ba8bcd54daccc.svg","emily-log-1",103,"6a72b42ba970ea6798a886761baf324f",2,"E","Lv","H","Lv","0","208","t-E_n-H",0.318127872049809,0.212632386411687,-0.478172100117287,-1.50518198272199,0
9,"13",50,"linear","target-M-Lv_null-E-Lv_r0",1,10,"plots/svg/5df2947852318075a066e55984da5020.svg","emily-log-1",104,"8ad2ea6719790c191cedf1038d3cbca5",1,"M","Lv","E","Lv","0","409","t-M_n-E",0.521716548316181,0.136155144504709,-0.818059116300471,-0.0557219744275076,1
9,"22",50,"log","target-M-Lv_null-H-Lv_r0",1,1,"plots/svg/d6bc919b68b3711ec58a7d2d12363647.svg","emily-log-1",206,"3d689aa117d70559b73fe8398f1a44c6",1,"M","Lv","H","Lv","0","89","t-M_n-H",0.26879573687911,0.136155144504709,0.219840781869891,0.685886807240201,0
9,"12",50,"log","target-E-Lv_null-H-Lv_r0",1,17,"plots/svg/19640c3dc14337740f45aee91eed5803.svg","emily-log-1",203,"6a72b42ba970ea6798a886761baf324f",2,"E","Lv","H","Lv","0","209","t-E_n-H",0.858427377231419,0.136155144504709,-0.478172100117287,1.12952344835383,1
9,"5",50,"linear","target-E-Lv_null-M-Lv_r0",1,12,"plots/svg/35c0c87a6158fa1687b8ff46e56443e6.svg","emily-log-1",102,"87f34b01f1fce217b6c33e04da081ed0",1,"E","Lv","M","Lv","0","369","t-E_n-M",0.863858711719513,0.136155144504709,-0.264222948147594,-0.179732919303689,0
9,"14",50,"log","target-M-Lv_null-E-Lv_r0",1,10,"plots/svg/df10610fd0e27c50fe0db5b8ca04f080.svg","emily-log-1",204,"8ad2ea6719790c191cedf1038d3cbca5",1,"M","Lv","E","Lv","0","409","t-M_n-E",0.22636586856097,0.136155144504709,-0.818059116300471,-0.0557219744275076,0
9,"11",50,"linear","target-E-Lv_null-H-Lv_r0",1,17,"plots/svg/16ce6f7a2dfb1a760c7ba8bcd54daccc.svg","emily-log-1",103,"6a72b42ba970ea6798a886761baf324f",2,"E","Lv","H","Lv","0","209","t-E_n-H",0.318127872049809,0.136155144504709,-0.478172100117287,1.12952344835383,0
9,"21",50,"linear","target-M-Lv_null-H-Lv_r0",1,1,"plots/svg/20d0abf28998f59ada75cce6b4999158.svg","emily-log-1",106,"3d689aa117d70559b73fe8398f1a44c6",1,"M","Lv","H","Lv","0","89","t-M_n-H",0.100623667612672,0.136155144504709,0.219840781869891,0.685886807240201,0
9,"6",50,"log","target-E-Lv_null-M-Lv_r0",1,12,"plots/svg/5ecce62e937c1598e901631b3a1821d2.svg","emily-log-1",202,"87f34b01f1fce217b6c33e04da081ed0",1,"E","Lv","M","Lv","0","369","t-E_n-M",0.18037046585232,0.136155144504709,-0.264222948147594,-0.179732919303689,0
10,"12",50,"log","target-E-Lv_null-H-Lv_r0",1,17,"plots/svg/19640c3dc14337740f45aee91eed5803.svg","emily-log-1",203,"6a72b42ba970ea6798a886761baf324f",2,"E","Lv","H","Lv","0","210","t-E_n-H",0.858427377231419,0.842848577245148,-0.478172100117287,0.230230004715676,0
10,"15",50,"linear","target-M-Lv_null-E-Lv_r0",1,10,"plots/svg/d8dea45d5c5b31523324bc29de32411f.svg","emily-log-1",104,"7ff3391e264e98652cdb6eb8b85088c4",2,"M","Lv","E","Lv","0","290","t-M_n-E",0.521716548316181,0.842848577245148,0.110747742570688,-0.386383108547259,1
10,"32",50,"log","target-H-Lv_null-M-Lv_r0",1,12,"plots/svg/39f08ba7613fc59a3b114a36a3a14244.svg","emily-log-1",208,"b79bc1a0fdbb69edc87fe34883a066d6",2,"H","Lv","M","Lv","0","490","t-H_n-M",0.797347616404295,0.842848577245148,-0.178388343363251,-0.443104605266878,1
10,"21",50,"linear","target-M-Lv_null-H-Lv_r0",1,1,"plots/svg/20d0abf28998f59ada75cce6b4999158.svg","emily-log-1",106,"3d689aa117d70559b73fe8398f1a44c6",1,"M","Lv","H","Lv","0","90","t-M_n-H",0.100623667612672,0.842848577245148,0.219840781869891,-1.04225212864941,0
10,"22",50,"log","target-M-Lv_null-H-Lv_r0",1,1,"plots/svg/d6bc919b68b3711ec58a7d2d12363647.svg","emily-log-1",206,"3d689aa117d70559b73fe8398f1a44c6",1,"M","Lv","H","Lv","0","90","t-M_n-H",0.26879573687911,0.842848577245148,0.219840781869891,-1.04225212864941,0
10,"16",50,"log","target-M-Lv_null-E-Lv_r0",1,10,"plots/svg/2192c71bf5b17dcdc925ca95c98694e0.svg","emily-log-1",204,"7ff3391e264e98652cdb6eb8b85088c4",2,"M","Lv","E","Lv","0","290","t-M_n-E",0.22636586856097,0.842848577245148,0.110747742570688,-0.386383108547259,0
10,"31",50,"linear","target-H-Lv_null-M-Lv_r0",1,12,"plots/svg/e9510e025a1152c8bc78255bdc926f93.svg","emily-log-1",108,"b79bc1a0fdbb69edc87fe34883a066d6",2,"H","Lv","M","Lv","0","490","t-H_n-M",0.422632393054664,0.842848577245148,-0.178388343363251,-0.443104605266878,0
10,"11",50,"linear","target-E-Lv_null-H-Lv_r0",1,17,"plots/svg/16ce6f7a2dfb1a760c7ba8bcd54daccc.svg","emily-log-1",103,"6a72b42ba970ea6798a886761baf324f",2,"E","Lv","H","Lv","0","210","t-E_n-H",0.318127872049809,0.842848577245148,-0.478172100117287,0.230230004715676,0
11,"28",50,"log","target-H-Lv_null-E-Lv_r0",1,9,"plots/svg/f5a285159cccc2e9e1c610c6dab92348.svg","emily-log-1",207,"47748c8978f11fc269bed62ca7f6a4d3",2,"H","Lv","E","Lv","0","171","t-H_n-E",0.205135598219931,0.356452445271694,-0.183704045840738,-0.0292226390820736,0
11,"5",50,"linear","target-E-Lv_null-M-Lv_r0",1,12,"plots/svg/35c0c87a6158fa1687b8ff46e56443e6.svg","emily-log-1",102,"87f34b01f1fce217b6c33e04da081ed0",1,"E","Lv","M","Lv","0","371","t-E_n-M",0.863858711719513,0.356452445271694,-0.264222948147594,-0.140725264201051,0
11,"24",50,"log","target-M-Lv_null-H-Lv_r0",1,13,"plots/svg/5e448cd61317e5499aee6d7ea7906c64.svg","emily-log-1",206,"184b9f1a90081e0ffeedc112c6431d9c",2,"M","Lv","H","Lv","0","11","t-M_n-H",0.26879573687911,0.356452445271694,0.000708788564835677,0.235039008631503,0
11,"6",50,"log","target-E-Lv_null-M-Lv_r0",1,12,"plots/svg/5ecce62e937c1598e901631b3a1821d2.svg","emily-log-1",202,"87f34b01f1fce217b6c33e04da081ed0",1,"E","Lv","M","Lv","0","371","t-E_n-M",0.18037046585232,0.356452445271694,-0.264222948147594,-0.140725264201051,0
11,"10",50,"log","target-E-Lv_null-H-Lv_r0",1,15,"plots/svg/b31a013dcd39fb18f0adb334dea600e1.svg","emily-log-1",203,"d14de6e8946c29750256921ce0462931",1,"E","Lv","H","Lv","0","531","t-E_n-H",0.858427377231419,0.356452445271694,0.23179931354376,0.118207486423285,1
11,"9",50,"linear","target-E-Lv_null-H-Lv_r0",1,15,"plots/svg/b3a9571d8982604b9f655471bfe04fc1.svg","emily-log-1",103,"d14de6e8946c29750256921ce0462931",1,"E","Lv","H","Lv","0","531","t-E_n-H",0.318127872049809,0.356452445271694,0.23179931354376,0.118207486423285,1
11,"27",50,"linear","target-H-Lv_null-E-Lv_r0",1,9,"plots/svg/d4332bd8e199471b74969e986f987ac8.svg","emily-log-1",107,"47748c8978f11fc269bed62ca7f6a4d3",2,"H","Lv","E","Lv","0","171","t-H_n-E",0.174702687188983,0.356452445271694,-0.183704045840738,-0.0292226390820736,0
11,"23",50,"linear","target-M-Lv_null-H-Lv_r0",1,13,"plots/svg/a22fa470f1028ba1fa6fc5d121887a46.svg","emily-log-1",106,"184b9f1a90081e0ffeedc112c6431d9c",2,"M","Lv","H","Lv","0","11","t-M_n-H",0.100623667612672,0.356452445271694,0.000708788564835677,0.235039008631503,0
12,"8",50,"log","target-E-Lv_null-M-Lv_r0",1,14,"plots/svg/ef16f06ed4708fcd12a6249492a1e12a.svg","emily-log-1",202,"e079c7c97296f2c777bede60f7d1c5b7",2,"E","Lv","M","Lv","0","612","t-E_n-M",0.18037046585232,0.217424249433598,-0.0861896208190713,-0.505086793893781,0
12,"22",50,"log","target-M-Lv_null-H-Lv_r0",1,1,"plots/svg/d6bc919b68b3711ec58a7d2d12363647.svg","emily-log-1",206,"3d689aa117d70559b73fe8398f1a44c6",1,"M","Lv","H","Lv","0","92","t-M_n-H",0.26879573687911,0.217424249433598,0.219840781869891,0.153028596887572,1
12,"21",50,"linear","target-M-Lv_null-H-Lv_r0",1,1,"plots/svg/20d0abf28998f59ada75cce6b4999158.svg","emily-log-1",106,"3d689aa117d70559b73fe8398f1a44c6",1,"M","Lv","H","Lv","0","92","t-M_n-H",0.100623667612672,0.217424249433598,0.219840781869891,0.153028596887572,0
12,"30",50,"log","target-H-Lv_null-M-Lv_r0",1,12,"plots/svg/e2e1ff57be869422245fc51b15415492.svg","emily-log-1",208,"f28e70dc6b7365974b49d253cdd85363",1,"H","Lv","M","Lv","0","692","t-H_n-M",0.797347616404295,0.217424249433598,-0.0103458610241863,-0.365198419905605,1
12,"29",50,"linear","target-H-Lv_null-M-Lv_r0",1,12,"plots/svg/abd7b714d3c960b93247a0a3e0308473.svg","emily-log-1",108,"f28e70dc6b7365974b49d253cdd85363",1,"H","Lv","M","Lv","0","692","t-H_n-M",0.422632393054664,0.217424249433598,-0.0103458610241863,-0.365198419905605,0
12,"10",50,"log","target-E-Lv_null-H-Lv_r0",1,15,"plots/svg/b31a013dcd39fb18f0adb334dea600e1.svg","emily-log-1",203,"d14de6e8946c29750256921ce0462931",1,"E","Lv","H","Lv","0","532","t-E_n-H",0.858427377231419,0.217424249433598,0.23179931354376,-0.283247292228606,1
12,"9",50,"linear","target-E-Lv_null-H-Lv_r0",1,15,"plots/svg/b3a9571d8982604b9f655471bfe04fc1.svg","emily-log-1",103,"d14de6e8946c29750256921ce0462931",1,"E","Lv","H","Lv","0","532","t-E_n-H",0.318127872049809,0.217424249433598,0.23179931354376,-0.283247292228606,0
12,"7",50,"linear","target-E-Lv_null-M-Lv_r0",1,14,"plots/svg/19458f4a249031b8179c02b343dffe30.svg","emily-log-1",102,"e079c7c97296f2c777bede60f7d1c5b7",2,"E","Lv","M","Lv","0","612","t-E_n-M",0.863858711719513,0.217424249433598,-0.0861896208190713,-0.505086793893781,1
13,"32",50,"log","target-H-Lv_null-M-Lv_r0",1,12,"plots/svg/39f08ba7613fc59a3b114a36a3a14244.svg","emily-log-1",208,"b79bc1a0fdbb69edc87fe34883a066d6",2,"H","Lv","M","Lv","0","493","t-H_n-M",0.797347616404295,0.139877814809799,-0.178388343363251,-1.06198313162551,1
13,"21",50,"linear","target-M-Lv_null-H-Lv_r0",1,1,"plots/svg/20d0abf28998f59ada75cce6b4999158.svg","emily-log-1",106,"3d689aa117d70559b73fe8398f1a44c6",1,"M","Lv","H","Lv","0","93","t-M_n-H",0.100623667612672,0.139877814809799,0.219840781869891,-0.72844685449676,1
13,"25",50,"linear","target-H-Lv_null-E-Lv_r0",1,1,"plots/svg/3abe4bc02329ef5d724fd9ae7d438532.svg","emily-log-1",107,"d5c6dd039c67d2cb6771b22aa1c6aaac",1,"H","Lv","E","Lv","0","573","t-H_n-E",0.174702687188983,0.139877814809799,-0.159521290292368,-0.902085918646857,0
13,"31",50,"linear","target-H-Lv_null-M-Lv_r0",1,12,"plots/svg/e9510e025a1152c8bc78255bdc926f93.svg","emily-log-1",108,"b79bc1a0fdbb69edc87fe34883a066d6",2,"H","Lv","M","Lv","0","493","t-H_n-M",0.422632393054664,0.139877814809799,-0.178388343363251,-1.06198313162551,0
13,"22",50,"log","target-M-Lv_null-H-Lv_r0",1,1,"plots/svg/d6bc919b68b3711ec58a7d2d12363647.svg","emily-log-1",206,"3d689aa117d70559b73fe8398f1a44c6",1,"M","Lv","H","Lv","0","93","t-M_n-H",0.26879573687911,0.139877814809799,0.219840781869891,-0.72844685449676,0
13,"26",50,"log","target-H-Lv_null-E-Lv_r0",1,1,"plots/svg/929c1e7fdc8f70077cdaf06728393cf6.svg","emily-log-1",207,"d5c6dd039c67d2cb6771b22aa1c6aaac",1,"H","Lv","E","Lv","0","573","t-H_n-E",0.205135598219931,0.139877814809799,-0.159521290292368,-0.902085918646857,0
14,"14",50,"log","target-M-Lv_null-E-Lv_r0",1,10,"plots/svg/df10610fd0e27c50fe0db5b8ca04f080.svg","emily-log-1",204,"8ad2ea6719790c191cedf1038d3cbca5",1,"M","Lv","E","Lv","0","414","t-M_n-E",0.22636586856097,-0.536113738654422,-0.818059116300471,0.444029200499991,0
14,"13",50,"linear","target-M-Lv_null-E-Lv_r0",1,10,"plots/svg/5df2947852318075a066e55984da5020.svg","emily-log-1",104,"8ad2ea6719790c191cedf1038d3cbca5",1,"M","Lv","E","Lv","0","414","t-M_n-E",0.521716548316181,-0.536113738654422,-0.818059116300471,0.444029200499991,0
14,"27",50,"linear","target-H-Lv_null-E-Lv_r0",1,9,"plots/svg/d4332bd8e199471b74969e986f987ac8.svg","emily-log-1",107,"47748c8978f11fc269bed62ca7f6a4d3",2,"H","Lv","E","Lv","0","174","t-H_n-E",0.174702687188983,-0.536113738654422,-0.183704045840738,-0.238956877304131,0
14,"30",50,"log","target-H-Lv_null-M-Lv_r0",1,12,"plots/svg/e2e1ff57be869422245fc51b15415492.svg","emily-log-1",208,"f28e70dc6b7365974b49d253cdd85363",1,"H","Lv","M","Lv","0","694","t-H_n-M",0.797347616404295,-0.536113738654422,-0.0103458610241863,0.565896290229721,1
14,"29",50,"linear","target-H-Lv_null-M-Lv_r0",1,12,"plots/svg/abd7b714d3c960b93247a0a3e0308473.svg","emily-log-1",108,"f28e70dc6b7365974b49d253cdd85363",1,"H","Lv","M","Lv","0","694","t-H_n-M",0.422632393054664,-0.536113738654422,-0.0103458610241863,0.565896290229721,0
14,"28",50,"log","target-H-Lv_null-E-Lv_r0",1,9,"plots/svg/f5a285159cccc2e9e1c610c6dab92348.svg","emily-log-1",207,"47748c8978f11fc269bed62ca7f6a4d3",2,"H","Lv","E","Lv","0","174","t-H_n-E",0.205135598219931,-0.536113738654422,-0.183704045840738,-0.238956877304131,0
15,"11",50,"linear","target-E-Lv_null-H-Lv_r0",1,17,"plots/svg/16ce6f7a2dfb1a760c7ba8bcd54daccc.svg","emily-log-1",103,"6a72b42ba970ea6798a886761baf324f",2,"E","Lv","H","Lv","0","215","t-E_n-H",0.318127872049809,0.0787887393982058,-0.478172100117287,1.02697817428136,0
15,"30",50,"log","target-H-Lv_null-M-Lv_r0",1,12,"plots/svg/e2e1ff57be869422245fc51b15415492.svg","emily-log-1",208,"f28e70dc6b7365974b49d253cdd85363",1,"H","Lv","M","Lv","0","695","t-H_n-M",0.797347616404295,0.0787887393982058,-0.0103458610241863,0.45232046248361,1
15,"16",50,"log","target-M-Lv_null-E-Lv_r0",1,10,"plots/svg/2192c71bf5b17dcdc925ca95c98694e0.svg","emily-log-1",204,"7ff3391e264e98652cdb6eb8b85088c4",2,"M","Lv","E","Lv","0","295","t-M_n-E",0.22636586856097,0.0787887393982058,0.110747742570688,-0.234408207938235,1
15,"5",50,"linear","target-E-Lv_null-M-Lv_r0",1,12,"plots/svg/35c0c87a6158fa1687b8ff46e56443e6.svg","emily-log-1",102,"87f34b01f1fce217b6c33e04da081ed0",1,"E","Lv","M","Lv","0","375","t-E_n-M",0.863858711719513,0.0787887393982058,-0.264222948147594,0.602647723161919,0
15,"29",50,"linear","target-H-Lv_null-M-Lv_r0",1,12,"plots/svg/abd7b714d3c960b93247a0a3e0308473.svg","emily-log-1",108,"f28e70dc6b7365974b49d253cdd85363",1,"H","Lv","M","Lv","0","695","t-H_n-M",0.422632393054664,0.0787887393982058,-0.0103458610241863,0.45232046248361,0
15,"15",50,"linear","target-M-Lv_null-E-Lv_r0",1,10,"plots/svg/d8dea45d5c5b31523324bc29de32411f.svg","emily-log-1",104,"7ff3391e264e98652cdb6eb8b85088c4",2,"M","Lv","E","Lv","0","295","t-M_n-E",0.521716548316181,0.0787887393982058,0.110747742570688,-0.234408207938235,1
15,"12",50,"log","target-E-Lv_null-H-Lv_r0",1,17,"plots/svg/19640c3dc14337740f45aee91eed5803.svg","emily-log-1",203,"6a72b42ba970ea6798a886761baf324f",2,"E","Lv","H","Lv","0","215","t-E_n-H",0.858427377231419,0.0787887393982058,-0.478172100117287,1.02697817428136,1
15,"6",50,"log","target-E-Lv_null-M-Lv_r0",1,12,"plots/svg/5ecce62e937c1598e901631b3a1821d2.svg","emily-log-1",202,"87f34b01f1fce217b6c33e04da081ed0",1,"E","Lv","M","Lv","0","375","t-E_n-M",0.18037046585232,0.0787887393982058,-0.264222948147594,0.602647723161919,0
16,"16",50,"log","target-M-Lv_null-E-Lv_r0",1,10,"plots/svg/2192c71bf5b17dcdc925ca95c98694e0.svg","emily-log-1",204,"7ff3391e264e98652cdb6eb8b85088c4",2,"M","Lv","E","Lv","0","296","t-M_n-E",0.22636586856097,-0.82708507323865,0.110747742570688,-0.623641036966284,0
16,"21",50,"linear","target-M-Lv_null-H-Lv_r0",1,1,"plots/svg/20d0abf28998f59ada75cce6b4999158.svg","emily-log-1",106,"3d689aa117d70559b73fe8398f1a44c6",1,"M","Lv","H","Lv","0","96","t-M_n-H",0.100623667612672,-0.82708507323865,0.219840781869891,0.185105999033463,0
16,"30",50,"log","target-H-Lv_null-M-Lv_r0",1,12,"plots/svg/e2e1ff57be869422245fc51b15415492.svg","emily-log-1",208,"f28e70dc6b7365974b49d253cdd85363",1,"H","Lv","M","Lv","0","696","t-H_n-M",0.797347616404295,-0.82708507323865,-0.0103458610241863,-0.504356245790049,0
16,"22",50,"log","target-M-Lv_null-H-Lv_r0",1,1,"plots/svg/d6bc919b68b3711ec58a7d2d12363647.svg","emily-log-1",206,"3d689aa117d70559b73fe8398f1a44c6",1,"M","Lv","H","Lv","0","96","t-M_n-H",0.26879573687911,-0.82708507323865,0.219840781869891,0.185105999033463,0
16,"29",50,"linear","target-H-Lv_null-M-Lv_r0",1,12,"plots/svg/abd7b714d3c960b93247a0a3e0308473.svg","emily-log-1",108,"f28e70dc6b7365974b49d253cdd85363",1,"H","Lv","M","Lv","0","696","t-H_n-M",0.422632393054664,-0.82708507323865,-0.0103458610241863,-0.504356245790049,0
16,"15",50,"linear","target-M-Lv_null-E-Lv_r0",1,10,"plots/svg/d8dea45d5c5b31523324bc29de32411f.svg","emily-log-1",104,"7ff3391e264e98652cdb6eb8b85088c4",2,"M","Lv","E","Lv","0","296","t-M_n-E",0.521716548316181,-0.82708507323865,0.110747742570688,-0.623641036966284,0
17,"30",50,"log","target-H-Lv_null-M-Lv_r0",1,12,"plots/svg/e2e1ff57be869422245fc51b15415492.svg","emily-log-1",208,"f28e70dc6b7365974b49d253cdd85363",1,"H","Lv","M","Lv","0","697","t-H_n-M",0.797347616404295,-0.990768154016568,-0.0103458610241863,-0.484098732376591,0
17,"7",50,"linear","target-E-Lv_null-M-Lv_r0",1,14,"plots/svg/19458f4a249031b8179c02b343dffe30.svg","emily-log-1",102,"e079c7c97296f2c777bede60f7d1c5b7",2,"E","Lv","M","Lv","0","617","t-E_n-M",0.863858711719513,-0.990768154016568,-0.0861896208190713,0.304460460836173,1
17,"29",50,"linear","target-H-Lv_null-M-Lv_r0",1,12,"plots/svg/abd7b714d3c960b93247a0a3e0308473.svg","emily-log-1",108,"f28e70dc6b7365974b49d253cdd85363",1,"H","Lv","M","Lv","0","697","t-H_n-M",0.422632393054664,-0.990768154016568,-0.0103458610241863,-0.484098732376591,0
17,"22",50,"log","target-M-Lv_null-H-Lv_r0",1,1,"plots/svg/d6bc919b68b3711ec58a7d2d12363647.svg","emily-log-1",206,"3d689aa117d70559b73fe8398f1a44c6",1,"M","Lv","H","Lv","0","97","t-M_n-H",0.26879573687911,-0.990768154016568,0.219840781869891,-0.88463931606702,0
17,"21",50,"linear","target-M-Lv_null-H-Lv_r0",1,1,"plots/svg/20d0abf28998f59ada75cce6b4999158.svg","emily-log-1",106,"3d689aa117d70559b73fe8398f1a44c6",1,"M","Lv","H","Lv","0","97","t-M_n-H",0.100623667612672,-0.990768154016568,0.219840781869891,-0.88463931606702,0
17,"8",50,"log","target-E-Lv_null-M-Lv_r0",1,14,"plots/svg/ef16f06ed4708fcd12a6249492a1e12a.svg","emily-log-1",202,"e079c7c97296f2c777bede60f7d1c5b7",2,"E","Lv","M","Lv","0","617","t-E_n-M",0.18037046585232,-0.990768154016568,-0.0861896208190713,0.304460460836173,0
18,"13",50,"linear","target-M-Lv_null-E-Lv_r0",1,10,"plots/svg/5df2947852318075a066e55984da5020.svg","emily-log-1",104,"8ad2ea6719790c191cedf1038d3cbca5",1,"M","Lv","E","Lv","0","418","t-M_n-E",0.521716548316181,-0.258494176418954,-0.818059116300471,-0.92026044369214,0
18,"27",50,"linear","target-H-Lv_null-E-Lv_r0",1,9,"plots/svg/d4332bd8e199471b74969e986f987ac8.svg","emily-log-1",107,"47748c8978f11fc269bed62ca7f6a4d3",2,"H","Lv","E","Lv","0","178","t-H_n-E",0.174702687188983,-0.258494176418954,-0.183704045840738,-0.334156673965012,0
18,"6",50,"log","target-E-Lv_null-M-Lv_r0",1,12,"plots/svg/5ecce62e937c1598e901631b3a1821d2.svg","emily-log-1",202,"87f34b01f1fce217b6c33e04da081ed0",1,"E","Lv","M","Lv","0","378","t-E_n-M",0.18037046585232,-0.258494176418954,-0.264222948147594,-0.107654316055773,0
18,"5",50,"linear","target-E-Lv_null-M-Lv_r0",1,12,"plots/svg/35c0c87a6158fa1687b8ff46e56443e6.svg","emily-log-1",102,"87f34b01f1fce217b6c33e04da081ed0",1,"E","Lv","M","Lv","0","378","t-E_n-M",0.863858711719513,-0.258494176418954,-0.264222948147594,-0.107654316055773,1
18,"28",50,"log","target-H-Lv_null-E-Lv_r0",1,9,"plots/svg/f5a285159cccc2e9e1c610c6dab92348.svg","emily-log-1",207,"47748c8978f11fc269bed62ca7f6a4d3",2,"H","Lv","E","Lv","0","178","t-H_n-E",0.205135598219931,-0.258494176418954,-0.183704045840738,-0.334156673965012,0
18,"30",50,"log","target-H-Lv_null-M-Lv_r0",1,12,"plots/svg/e2e1ff57be869422245fc51b15415492.svg","emily-log-1",208,"f28e70dc6b7365974b49d253cdd85363",1,"H","Lv","M","Lv","0","698","t-H_n-M",0.797347616404295,-0.258494176418954,-0.0103458610241863,-0.107997104082102,1
18,"14",50,"log","target-M-Lv_null-E-Lv_r0",1,10,"plots/svg/df10610fd0e27c50fe0db5b8ca04f080.svg","emily-log-1",204,"8ad2ea6719790c191cedf1038d3cbca5",1,"M","Lv","E","Lv","0","418","t-M_n-E",0.22636586856097,-0.258494176418954,-0.818059116300471,-0.92026044369214,0
18,"29",50,"linear","target-H-Lv_null-M-Lv_r0",1,12,"plots/svg/abd7b714d3c960b93247a0a3e0308473.svg","emily-log-1",108,"f28e70dc6b7365974b49d253cdd85363",1,"H","Lv","M","Lv","0","698","t-H_n-M",0.422632393054664,-0.258494176418954,-0.0103458610241863,-0.107997104082102,0
19,"24",50,"log","target-M-Lv_null-H-Lv_r0",1,13,"plots/svg/5e448cd61317e5499aee6d7ea7906c64.svg","emily-log-1",206,"184b9f1a90081e0ffeedc112c6431d9c",2,"M","Lv","H","Lv","0","19","t-M_n-H",0.26879573687911,1.18079613012295,0.000708788564835677,-0.957079199123123,0
19,"29",50,"linear","target-H-Lv_null-M-Lv_r0",1,12,"plots/svg/abd7b714d3c960b93247a0a3e0308473.svg","emily-log-1",108,"f28e70dc6b7365974b49d253cdd85363",1,"H","Lv","M","Lv","0","699","t-H_n-M",0.422632393054664,1.18079613012295,-0.0103458610241863,-0.0714662016221607,1
19,"30",50,"log","target-H-Lv_null-M-Lv_r0",1,12,"plots/svg/e2e1ff57be869422245fc51b15415492.svg","emily-log-1",208,"f28e70dc6b7365974b49d253cdd85363",1,"H","Lv","M","Lv","0","699","t-H_n-M",0.797347616404295,1.18079613012295,-0.0103458610241863,-0.0714662016221607,0
19,"6",50,"log","target-E-Lv_null-M-Lv_r0",1,12,"plots/svg/5ecce62e937c1598e901631b3a1821d2.svg","emily-log-1",202,"87f34b01f1fce217b6c33e04da081ed0",1,"E","Lv","M","Lv","0","379","t-E_n-M",0.18037046585232,1.18079613012295,-0.264222948147594,-0.0120777063726382,1
19,"23",50,"linear","target-M-Lv_null-H-Lv_r0",1,13,"plots/svg/a22fa470f1028ba1fa6fc5d121887a46.svg","emily-log-1",106,"184b9f1a90081e0ffeedc112c6431d9c",2,"M","Lv","H","Lv","0","19","t-M_n-H",0.100623667612672,1.18079613012295,0.000708788564835677,-0.957079199123123,0
19,"5",50,"linear","target-E-Lv_null-M-Lv_r0",1,12,"plots/svg/35c0c87a6158fa1687b8ff46e56443e6.svg","emily-log-1",102,"87f34b01f1fce217b6c33e04da081ed0",1,"E","Lv","M","Lv","0","379","t-E_n-M",0.863858711719513,1.18079613012295,-0.264222948147594,-0.0120777063726382,1
20,"14",50,"log","target-M-Lv_null-E-Lv_r0",1,10,"plots/svg/df10610fd0e27c50fe0db5b8ca04f080.svg","emily-log-1",204,"8ad2ea6719790c191cedf1038d3cbca5",1,"M","Lv","E","Lv","0","420","t-M_n-E",0.22636586856097,0.357197826771551,-0.818059116300471,0.887778189005763,0
20,"6",50,"log","target-E-Lv_null-M-Lv_r0",1,12,"plots/svg/5ecce62e937c1598e901631b3a1821d2.svg","emily-log-1",202,"87f34b01f1fce217b6c33e04da081ed0",1,"E","Lv","M","Lv","0","380","t-E_n-M",0.18037046585232,0.357197826771551,-0.264222948147594,-0.415394706182321,0
20,"24",50,"log","target-M-Lv_null-H-Lv_r0",1,13,"plots/svg/5e448cd61317e5499aee6d7ea7906c64.svg","emily-log-1",206,"184b9f1a90081e0ffeedc112c6431d9c",2,"M","Lv","H","Lv","0","20","t-M_n-H",0.26879573687911,0.357197826771551,0.000708788564835677,-0.478701454274659,0
20,"13",50,"linear","target-M-Lv_null-E-Lv_r0",1,10,"plots/svg/5df2947852318075a066e55984da5020.svg","emily-log-1",104,"8ad2ea6719790c191cedf1038d3cbca5",1,"M","Lv","E","Lv","0","420","t-M_n-E",0.521716548316181,0.357197826771551,-0.818059116300471,0.887778189005763,0
20,"5",50,"linear","target-E-Lv_null-M-Lv_r0",1,12,"plots/svg/35c0c87a6158fa1687b8ff46e56443e6.svg","emily-log-1",102,"87f34b01f1fce217b6c33e04da081ed0",1,"E","Lv","M","Lv","0","380","t-E_n-M",0.863858711719513,0.357197826771551,-0.264222948147594,-0.415394706182321,1
20,"11",50,"linear","target-E-Lv_null-H-Lv_r0",1,17,"plots/svg/16ce6f7a2dfb1a760c7ba8bcd54daccc.svg","emily-log-1",103,"6a72b42ba970ea6798a886761baf324f",2,"E","Lv","H","Lv","0","220","t-E_n-H",0.318127872049809,0.357197826771551,-0.478172100117287,-0.28517908825441,0
20,"23",50,"linear","target-M-Lv_null-H-Lv_r0",1,13,"plots/svg/a22fa470f1028ba1fa6fc5d121887a46.svg","emily-log-1",106,"184b9f1a90081e0ffeedc112c6431d9c",2,"M","Lv","H","Lv","0","20","t-M_n-H",0.100623667612672,0.357197826771551,0.000708788564835677,-0.478701454274659,0
20,"12",50,"log","target-E-Lv_null-H-Lv_r0",1,17,"plots/svg/19640c3dc14337740f45aee91eed5803.svg","emily-log-1",203,"6a72b42ba970ea6798a886761baf324f",2,"E","Lv","H","Lv","0","220","t-E_n-H",0.858427377231419,0.357197826771551,-0.478172100117287,-0.28517908825441,1
21,"21",50,"linear","target-M-Lv_null-H-Lv_r0",1,1,"plots/svg/20d0abf28998f59ada75cce6b4999158.svg","emily-log-1",106,"3d689aa117d70559b73fe8398f1a44c6",1,"M","Lv","H","Lv","0","101","t-M_n-H",0.100623667612672,0.143755237085013,0.219840781869891,-0.297664632473677,0
21,"27",50,"linear","target-H-Lv_null-E-Lv_r0",1,9,"plots/svg/d4332bd8e199471b74969e986f987ac8.svg","emily-log-1",107,"47748c8978f11fc269bed62ca7f6a4d3",2,"H","Lv","E","Lv","0","181","t-H_n-E",0.174702687188983,0.143755237085013,-0.183704045840738,0.425217719101328,1
21,"22",50,"log","target-M-Lv_null-H-Lv_r0",1,1,"plots/svg/d6bc919b68b3711ec58a7d2d12363647.svg","emily-log-1",206,"3d689aa117d70559b73fe8398f1a44c6",1,"M","Lv","H","Lv","0","101","t-M_n-H",0.26879573687911,0.143755237085013,0.219840781869891,-0.297664632473677,0
21,"32",50,"log","target-H-Lv_null-M-Lv_r0",1,12,"plots/svg/39f08ba7613fc59a3b114a36a3a14244.svg","emily-log-1",208,"b79bc1a0fdbb69edc87fe34883a066d6",2,"H","Lv","M","Lv","0","501","t-H_n-M",0.797347616404295,0.143755237085013,-0.178388343363251,-1.85596947534252,1
21,"28",50,"log","target-H-Lv_null-E-Lv_r0",1,9,"plots/svg/f5a285159cccc2e9e1c610c6dab92348.svg","emily-log-1",207,"47748c8978f11fc269bed62ca7f6a4d3",2,"H","Lv","E","Lv","0","181","t-H_n-E",0.205135598219931,0.143755237085013,-0.183704045840738,0.425217719101328,1
21,"15",50,"linear","target-M-Lv_null-E-Lv_r0",1,10,"plots/svg/d8dea45d5c5b31523324bc29de32411f.svg","emily-log-1",104,"7ff3391e264e98652cdb6eb8b85088c4",2,"M","Lv","E","Lv","0","301","t-M_n-E",0.521716548316181,0.143755237085013,0.110747742570688,-0.616738098041851,0
21,"8",50,"log","target-E-Lv_null-M-Lv_r0",1,14,"plots/svg/ef16f06ed4708fcd12a6249492a1e12a.svg","emily-log-1",202,"e079c7c97296f2c777bede60f7d1c5b7",2,"E","Lv","M","Lv","0","621","t-E_n-M",0.18037046585232,0.143755237085013,-0.0861896208190713,0.417536401577386,0
21,"7",50,"linear","target-E-Lv_null-M-Lv_r0",1,14,"plots/svg/19458f4a249031b8179c02b343dffe30.svg","emily-log-1",102,"e079c7c97296f2c777bede60f7d1c5b7",2,"E","Lv","M","Lv","0","621","t-E_n-M",0.863858711719513,0.143755237085013,-0.0861896208190713,0.417536401577386,1
21,"16",50,"log","target-M-Lv_null-E-Lv_r0",1,10,"plots/svg/2192c71bf5b17dcdc925ca95c98694e0.svg","emily-log-1",204,"7ff3391e264e98652cdb6eb8b85088c4",2,"M","Lv","E","Lv","0","301","t-M_n-E",0.22636586856097,0.143755237085013,0.110747742570688,-0.616738098041851,0
21,"31",50,"linear","target-H-Lv_null-M-Lv_r0",1,12,"plots/svg/e9510e025a1152c8bc78255bdc926f93.svg","emily-log-1",108,"b79bc1a0fdbb69edc87fe34883a066d6",2,"H","Lv","M","Lv","0","501","t-H_n-M",0.422632393054664,0.143755237085013,-0.178388343363251,-1.85596947534252,0
22,"5",50,"linear","target-E-Lv_null-M-Lv_r0",1,12,"plots/svg/35c0c87a6158fa1687b8ff46e56443e6.svg","emily-log-1",102,"87f34b01f1fce217b6c33e04da081ed0",1,"E","Lv","M","Lv","0","382","t-E_n-M",0.863858711719513,-0.284008769387212,-0.264222948147594,0.333035143825523,1
22,"21",50,"linear","target-M-Lv_null-H-Lv_r0",1,1,"plots/svg/20d0abf28998f59ada75cce6b4999158.svg","emily-log-1",106,"3d689aa117d70559b73fe8398f1a44c6",1,"M","Lv","H","Lv","0","102","t-M_n-H",0.100623667612672,-0.284008769387212,0.219840781869891,0.320760949309622,0
22,"25",50,"linear","target-H-Lv_null-E-Lv_r0",1,1,"plots/svg/3abe4bc02329ef5d724fd9ae7d438532.svg","emily-log-1",107,"d5c6dd039c67d2cb6771b22aa1c6aaac",1,"H","Lv","E","Lv","0","582","t-H_n-E",0.174702687188983,-0.284008769387212,-0.159521290292368,0.423121307910975,0
22,"22",50,"log","target-M-Lv_null-H-Lv_r0",1,1,"plots/svg/d6bc919b68b3711ec58a7d2d12363647.svg","emily-log-1",206,"3d689aa117d70559b73fe8398f1a44c6",1,"M","Lv","H","Lv","0","102","t-M_n-H",0.26879573687911,-0.284008769387212,0.219840781869891,0.320760949309622,0
22,"10",50,"log","target-E-Lv_null-H-Lv_r0",1,15,"plots/svg/b31a013dcd39fb18f0adb334dea600e1.svg","emily-log-1",203,"d14de6e8946c29750256921ce0462931",1,"E","Lv","H","Lv","0","542","t-E_n-H",0.858427377231419,-0.284008769387212,0.23179931354376,-0.151825813053923,1
22,"26",50,"log","target-H-Lv_null-E-Lv_r0",1,1,"plots/svg/929c1e7fdc8f70077cdaf06728393cf6.svg","emily-log-1",207,"d5c6dd039c67d2cb6771b22aa1c6aaac",1,"H","Lv","E","Lv","0","582","t-H_n-E",0.205135598219931,-0.284008769387212,-0.159521290292368,0.423121307910975,0
22,"9",50,"linear","target-E-Lv_null-H-Lv_r0",1,15,"plots/svg/b3a9571d8982604b9f655471bfe04fc1.svg","emily-log-1",103,"d14de6e8946c29750256921ce0462931",1,"E","Lv","H","Lv","0","542","t-E_n-H",0.318127872049809,-0.284008769387212,0.23179931354376,-0.151825813053923,0
22,"6",50,"log","target-E-Lv_null-M-Lv_r0",1,12,"plots/svg/5ecce62e937c1598e901631b3a1821d2.svg","emily-log-1",202,"87f34b01f1fce217b6c33e04da081ed0",1,"E","Lv","M","Lv","0","382","t-E_n-M",0.18037046585232,-0.284008769387212,-0.264222948147594,0.333035143825523,0
23,"12",50,"log","target-E-Lv_null-H-Lv_r0",1,17,"plots/svg/19640c3dc14337740f45aee91eed5803.svg","emily-log-1",203,"6a72b42ba970ea6798a886761baf324f",2,"E","Lv","H","Lv","0","223","t-E_n-H",0.858427377231419,-0.406180349078309,-0.478172100117287,-0.520545363484159,1
23,"8",50,"log","target-E-Lv_null-M-Lv_r0",1,14,"plots/svg/ef16f06ed4708fcd12a6249492a1e12a.svg","emily-log-1",202,"e079c7c97296f2c777bede60f7d1c5b7",2,"E","Lv","M","Lv","0","623","t-E_n-M",0.18037046585232,-0.406180349078309,-0.0861896208190713,0.198216483557828,1
23,"21",50,"linear","target-M-Lv_null-H-Lv_r0",1,1,"plots/svg/20d0abf28998f59ada75cce6b4999158.svg","emily-log-1",106,"3d689aa117d70559b73fe8398f1a44c6",1,"M","Lv","H","Lv","0","103","t-M_n-H",0.100623667612672,-0.406180349078309,0.219840781869891,0.836945689599122,0
23,"11",50,"linear","target-E-Lv_null-H-Lv_r0",1,17,"plots/svg/16ce6f7a2dfb1a760c7ba8bcd54daccc.svg","emily-log-1",103,"6a72b42ba970ea6798a886761baf324f",2,"E","Lv","H","Lv","0","223","t-E_n-H",0.318127872049809,-0.406180349078309,-0.478172100117287,-0.520545363484159,0
23,"28",50,"log","target-H-Lv_null-E-Lv_r0",1,9,"plots/svg/f5a285159cccc2e9e1c610c6dab92348.svg","emily-log-1",207,"47748c8978f11fc269bed62ca7f6a4d3",2,"H","Lv","E","Lv","0","183","t-H_n-E",0.205135598219931,-0.406180349078309,-0.183704045840738,0.00587918884338582,0
23,"27",50,"linear","target-H-Lv_null-E-Lv_r0",1,9,"plots/svg/d4332bd8e199471b74969e986f987ac8.svg","emily-log-1",107,"47748c8978f11fc269bed62ca7f6a4d3",2,"H","Lv","E","Lv","0","183","t-H_n-E",0.174702687188983,-0.406180349078309,-0.183704045840738,0.00587918884338582,0
23,"7",50,"linear","target-E-Lv_null-M-Lv_r0",1,14,"plots/svg/19458f4a249031b8179c02b343dffe30.svg","emily-log-1",102,"e079c7c97296f2c777bede60f7d1c5b7",2,"E","Lv","M","Lv","0","623","t-E_n-M",0.863858711719513,-0.406180349078309,-0.0861896208190713,0.198216483557828,1
23,"22",50,"log","target-M-Lv_null-H-Lv_r0",1,1,"plots/svg/d6bc919b68b3711ec58a7d2d12363647.svg","emily-log-1",206,"3d689aa117d70559b73fe8398f1a44c6",1,"M","Lv","H","Lv","0","103","t-M_n-H",0.26879573687911,-0.406180349078309,0.219840781869891,0.836945689599122,0
24,"9",50,"linear","target-E-Lv_null-H-Lv_r0",1,15,"plots/svg/b3a9571d8982604b9f655471bfe04fc1.svg","emily-log-1",103,"d14de6e8946c29750256921ce0462931",1,"E","Lv","H","Lv","0","544","t-E_n-H",0.318127872049809,1.02973843145013,0.23179931354376,-0.738968480802801,1
24,"28",50,"log","target-H-Lv_null-E-Lv_r0",1,9,"plots/svg/f5a285159cccc2e9e1c610c6dab92348.svg","emily-log-1",207,"47748c8978f11fc269bed62ca7f6a4d3",2,"H","Lv","E","Lv","0","184","t-H_n-E",0.205135598219931,1.02973843145013,-0.183704045840738,0.493783403985784,1
24,"27",50,"linear","target-H-Lv_null-E-Lv_r0",1,9,"plots/svg/d4332bd8e199471b74969e986f987ac8.svg","emily-log-1",107,"47748c8978f11fc269bed62ca7f6a4d3",2,"H","Lv","E","Lv","0","184","t-H_n-E",0.174702687188983,1.02973843145013,-0.183704045840738,0.493783403985784,0
24,"10",50,"log","target-E-Lv_null-H-Lv_r0",1,15,"plots/svg/b31a013dcd39fb18f0adb334dea600e1.svg","emily-log-1",203,"d14de6e8946c29750256921ce0462931",1,"E","Lv","H","Lv","0","544","t-E_n-H",0.858427377231419,1.02973843145013,0.23179931354376,-0.738968480802801,1
24,"31",50,"linear","target-H-Lv_null-M-Lv_r0",1,12,"plots/svg/e9510e025a1152c8bc78255bdc926f93.svg","emily-log-1",108,"b79bc1a0fdbb69edc87fe34883a066d6",2,"H","Lv","M","Lv","0","504","t-H_n-M",0.422632393054664,1.02973843145013,-0.178388343363251,-0.934475998376809,0
24,"15",50,"linear","target-M-Lv_null-E-Lv_r0",1,10,"plots/svg/d8dea45d5c5b31523324bc29de32411f.svg","emily-log-1",104,"7ff3391e264e98652cdb6eb8b85088c4",2,"M","Lv","E","Lv","0","304","t-M_n-E",0.521716548316181,1.02973843145013,0.110747742570688,0.346833353631132,1
24,"32",50,"log","target-H-Lv_null-M-Lv_r0",1,12,"plots/svg/39f08ba7613fc59a3b114a36a3a14244.svg","emily-log-1",208,"b79bc1a0fdbb69edc87fe34883a066d6",2,"H","Lv","M","Lv","0","504","t-H_n-M",0.797347616404295,1.02973843145013,-0.178388343363251,-0.934475998376809,1
24,"16",50,"log","target-M-Lv_null-E-Lv_r0",1,10,"plots/svg/2192c71bf5b17dcdc925ca95c98694e0.svg","emily-log-1",204,"7ff3391e264e98652cdb6eb8b85088c4",2,"M","Lv","E","Lv","0","304","t-M_n-E",0.22636586856097,1.02973843145013,0.110747742570688,0.346833353631132,0
25,"13",50,"linear","target-M-Lv_null-E-Lv_r0",1,10,"plots/svg/5df2947852318075a066e55984da5020.svg","emily-log-1",104,"8ad2ea6719790c191cedf1038d3cbca5",1,"M","Lv","E","Lv","0","425","t-M_n-E",0.521716548316181,0.184302142501698,-0.818059116300471,-0.909703056679553,0
25,"24",50,"log","target-M-Lv_null-H-Lv_r0",1,13,"plots/svg/5e448cd61317e5499aee6d7ea7906c64.svg","emily-log-1",206,"184b9f1a90081e0ffeedc112c6431d9c",2,"M","Lv","H","Lv","0","25","t-M_n-H",0.26879573687911,0.184302142501698,0.000708788564835677,-0.649938963576985,0
25,"8",50,"log","target-E-Lv_null-M-Lv_r0",1,14,"plots/svg/ef16f06ed4708fcd12a6249492a1e12a.svg","emily-log-1",202,"e079c7c97296f2c777bede60f7d1c5b7",2,"E","Lv","M","Lv","0","625","t-E_n-M",0.18037046585232,0.184302142501698,-0.0861896208190713,-0.191549586487616,0
25,"14",50,"log","target-M-Lv_null-E-Lv_r0",1,10,"plots/svg/df10610fd0e27c50fe0db5b8ca04f080.svg","emily-log-1",204,"8ad2ea6719790c191cedf1038d3cbca5",1,"M","Lv","E","Lv","0","425","t-M_n-E",0.22636586856097,0.184302142501698,-0.818059116300471,-0.909703056679553,0
25,"7",50,"linear","target-E-Lv_null-M-Lv_r0",1,14,"plots/svg/19458f4a249031b8179c02b343dffe30.svg","emily-log-1",102,"e079c7c97296f2c777bede60f7d1c5b7",2,"E","Lv","M","Lv","0","625","t-E_n-M",0.863858711719513,0.184302142501698,-0.0861896208190713,-0.191549586487616,1
25,"23",50,"linear","target-M-Lv_null-H-Lv_r0",1,13,"plots/svg/a22fa470f1028ba1fa6fc5d121887a46.svg","emily-log-1",106,"184b9f1a90081e0ffeedc112c6431d9c",2,"M","Lv","H","Lv","0","25","t-M_n-H",0.100623667612672,0.184302142501698,0.000708788564835677,-0.649938963576985,1
26,"11",50,"linear","target-E-Lv_null-H-Lv_r0",1,17,"plots/svg/16ce6f7a2dfb1a760c7ba8bcd54daccc.svg","emily-log-1",103,"6a72b42ba970ea6798a886761baf324f",2,"E","Lv","H","Lv","0","226","t-E_n-H",0.318127872049809,0.237760587339629,-0.478172100117287,-0.157986212666872,1
26,"13",50,"linear","target-M-Lv_null-E-Lv_r0",1,10,"plots/svg/5df2947852318075a066e55984da5020.svg","emily-log-1",104,"8ad2ea6719790c191cedf1038d3cbca5",1,"M","Lv","E","Lv","0","426","t-M_n-E",0.521716548316181,0.237760587339629,-0.818059116300471,-0.0230258389496197,0
26,"12",50,"log","target-E-Lv_null-H-Lv_r0",1,17,"plots/svg/19640c3dc14337740f45aee91eed5803.svg","emily-log-1",203,"6a72b42ba970ea6798a886761baf324f",2,"E","Lv","H","Lv","0","226","t-E_n-H",0.858427377231419,0.237760587339629,-0.478172100117287,-0.157986212666872,1
26,"14",50,"log","target-M-Lv_null-E-Lv_r0",1,10,"plots/svg/df10610fd0e27c50fe0db5b8ca04f080.svg","emily-log-1",204,"8ad2ea6719790c191cedf1038d3cbca5",1,"M","Lv","E","Lv","0","426","t-M_n-E",0.22636586856097,0.237760587339629,-0.818059116300471,-0.0230258389496197,0
26,"22",50,"log","target-M-Lv_null-H-Lv_r0",1,1,"plots/svg/d6bc919b68b3711ec58a7d2d12363647.svg","emily-log-1",206,"3d689aa117d70559b73fe8398f1a44c6",1,"M","Lv","H","Lv","0","106","t-M_n-H",0.26879573687911,0.237760587339629,0.219840781869891,-1.20103989715697,0
26,"21",50,"linear","target-M-Lv_null-H-Lv_r0",1,1,"plots/svg/20d0abf28998f59ada75cce6b4999158.svg","emily-log-1",106,"3d689aa117d70559b73fe8398f1a44c6",1,"M","Lv","H","Lv","0","106","t-M_n-H",0.100623667612672,0.237760587339629,0.219840781869891,-1.20103989715697,0
26,"31",50,"linear","target-H-Lv_null-M-Lv_r0",1,12,"plots/svg/e9510e025a1152c8bc78255bdc926f93.svg","emily-log-1",108,"b79bc1a0fdbb69edc87fe34883a066d6",2,"H","Lv","M","Lv","0","506","t-H_n-M",0.422632393054664,0.237760587339629,-0.178388343363251,0.261167044112379,1
26,"32",50,"log","target-H-Lv_null-M-Lv_r0",1,12,"plots/svg/39f08ba7613fc59a3b114a36a3a14244.svg","emily-log-1",208,"b79bc1a0fdbb69edc87fe34883a066d6",2,"H","Lv","M","Lv","0","506","t-H_n-M",0.797347616404295,0.237760587339629,-0.178388343363251,0.261167044112379,1
27,"28",50,"log","target-H-Lv_null-E-Lv_r0",1,9,"plots/svg/f5a285159cccc2e9e1c610c6dab92348.svg","emily-log-1",207,"47748c8978f11fc269bed62ca7f6a4d3",2,"H","Lv","E","Lv","0","187","t-H_n-E",0.205135598219931,-0.00884790488047012,-0.183704045840738,-1.20286649134175,0
27,"23",50,"linear","target-M-Lv_null-H-Lv_r0",1,13,"plots/svg/a22fa470f1028ba1fa6fc5d121887a46.svg","emily-log-1",106,"184b9f1a90081e0ffeedc112c6431d9c",2,"M","Lv","H","Lv","0","27","t-M_n-H",0.100623667612672,-0.00884790488047012,0.000708788564835677,0.295486121081537,0
27,"27",50,"linear","target-H-Lv_null-E-Lv_r0",1,9,"plots/svg/d4332bd8e199471b74969e986f987ac8.svg","emily-log-1",107,"47748c8978f11fc269bed62ca7f6a4d3",2,"H","Lv","E","Lv","0","187","t-H_n-E",0.174702687188983,-0.00884790488047012,-0.183704045840738,-1.20286649134175,0
27,"15",50,"linear","target-M-Lv_null-E-Lv_r0",1,10,"plots/svg/d8dea45d5c5b31523324bc29de32411f.svg","emily-log-1",104,"7ff3391e264e98652cdb6eb8b85088c4",2,"M","Lv","E","Lv","0","307","t-M_n-E",0.521716548316181,-0.00884790488047012,0.110747742570688,0.431066923288702,0
27,"30",50,"log","target-H-Lv_null-M-Lv_r0",1,12,"plots/svg/e2e1ff57be869422245fc51b15415492.svg","emily-log-1",208,"f28e70dc6b7365974b49d253cdd85363",1,"H","Lv","M","Lv","0","707","t-H_n-M",0.797347616404295,-0.00884790488047012,-0.0103458610241863,-0.0351654383409648,1
27,"29",50,"linear","target-H-Lv_null-M-Lv_r0",1,12,"plots/svg/abd7b714d3c960b93247a0a3e0308473.svg","emily-log-1",108,"f28e70dc6b7365974b49d253cdd85363",1,"H","Lv","M","Lv","0","707","t-H_n-M",0.422632393054664,-0.00884790488047012,-0.0103458610241863,-0.0351654383409648,0
27,"24",50,"log","target-M-Lv_null-H-Lv_r0",1,13,"plots/svg/5e448cd61317e5499aee6d7ea7906c64.svg","emily-log-1",206,"184b9f1a90081e0ffeedc112c6431d9c",2,"M","Lv","H","Lv","0","27","t-M_n-H",0.26879573687911,-0.00884790488047012,0.000708788564835677,0.295486121081537,0
27,"16",50,"log","target-M-Lv_null-E-Lv_r0",1,10,"plots/svg/2192c71bf5b17dcdc925ca95c98694e0.svg","emily-log-1",204,"7ff3391e264e98652cdb6eb8b85088c4",2,"M","Lv","E","Lv","0","307","t-M_n-E",0.22636586856097,-0.00884790488047012,0.110747742570688,0.431066923288702,0
28,"6",50,"log","target-E-Lv_null-M-Lv_r0",1,12,"plots/svg/5ecce62e937c1598e901631b3a1821d2.svg","emily-log-1",202,"87f34b01f1fce217b6c33e04da081ed0",1,"E","Lv","M","Lv","0","388","t-E_n-M",0.18037046585232,0.540669245514359,-0.264222948147594,-0.241120489151803,1
28,"14",50,"log","target-M-Lv_null-E-Lv_r0",1,10,"plots/svg/df10610fd0e27c50fe0db5b8ca04f080.svg","emily-log-1",204,"8ad2ea6719790c191cedf1038d3cbca5",1,"M","Lv","E","Lv","0","428","t-M_n-E",0.22636586856097,0.540669245514359,-0.818059116300471,0.142644399037782,0
28,"13",50,"linear","target-M-Lv_null-E-Lv_r0",1,10,"plots/svg/5df2947852318075a066e55984da5020.svg","emily-log-1",104,"8ad2ea6719790c191cedf1038d3cbca5",1,"M","Lv","E","Lv","0","428","t-M_n-E",0.521716548316181,0.540669245514359,-0.818059116300471,0.142644399037782,1
28,"24",50,"log","target-M-Lv_null-H-Lv_r0",1,13,"plots/svg/5e448cd61317e5499aee6d7ea7906c64.svg","emily-log-1",206,"184b9f1a90081e0ffeedc112c6431d9c",2,"M","Lv","H","Lv","0","28","t-M_n-H",0.26879573687911,0.540669245514359,0.000708788564835677,-0.559749663042798,0
28,"23",50,"linear","target-M-Lv_null-H-Lv_r0",1,13,"plots/svg/a22fa470f1028ba1fa6fc5d121887a46.svg","emily-log-1",106,"184b9f1a90081e0ffeedc112c6431d9c",2,"M","Lv","H","Lv","0","28","t-M_n-H",0.100623667612672,0.540669245514359,0.000708788564835677,-0.559749663042798,1
28,"9",50,"linear","target-E-Lv_null-H-Lv_r0",1,15,"plots/svg/b3a9571d8982604b9f655471bfe04fc1.svg","emily-log-1",103,"d14de6e8946c29750256921ce0462931",1,"E","Lv","H","Lv","0","548","t-E_n-H",0.318127872049809,0.540669245514359,0.23179931354376,0.463866134546091,0
28,"10",50,"log","target-E-Lv_null-H-Lv_r0",1,15,"plots/svg/b31a013dcd39fb18f0adb334dea600e1.svg","emily-log-1",203,"d14de6e8946c29750256921ce0462931",1,"E","Lv","H","Lv","0","548","t-E_n-H",0.858427377231419,0.540669245514359,0.23179931354376,0.463866134546091,1
28,"5",50,"linear","target-E-Lv_null-M-Lv_r0",1,12,"plots/svg/35c0c87a6158fa1687b8ff46e56443e6.svg","emily-log-1",102,"87f34b01f1fce217b6c33e04da081ed0",1,"E","Lv","M","Lv","0","388","t-E_n-M",0.863858711719513,0.540669245514359,-0.264222948147594,-0.241120489151803,1
29,"23",50,"linear","target-M-Lv_null-H-Lv_r0",1,13,"plots/svg/a22fa470f1028ba1fa6fc5d121887a46.svg","emily-log-1",106,"184b9f1a90081e0ffeedc112c6431d9c",2,"M","Lv","H","Lv","0","29","t-M_n-H",0.100623667612672,-0.49850176863297,0.000708788564835677,0.784419780433104,1
29,"29",50,"linear","target-H-Lv_null-M-Lv_r0",1,12,"plots/svg/abd7b714d3c960b93247a0a3e0308473.svg","emily-log-1",108,"f28e70dc6b7365974b49d253cdd85363",1,"H","Lv","M","Lv","0","709","t-H_n-M",0.422632393054664,-0.49850176863297,-0.0103458610241863,-0.544290004293079,0
29,"5",50,"linear","target-E-Lv_null-M-Lv_r0",1,12,"plots/svg/35c0c87a6158fa1687b8ff46e56443e6.svg","emily-log-1",102,"87f34b01f1fce217b6c33e04da081ed0",1,"E","Lv","M","Lv","0","389","t-E_n-M",0.863858711719513,-0.49850176863297,-0.264222948147594,-0.298437092039043,1
29,"24",50,"log","target-M-Lv_null-H-Lv_r0",1,13,"plots/svg/5e448cd61317e5499aee6d7ea7906c64.svg","emily-log-1",206,"184b9f1a90081e0ffeedc112c6431d9c",2,"M","Lv","H","Lv","0","29","t-M_n-H",0.26879573687911,-0.49850176863297,0.000708788564835677,0.784419780433104,0
29,"6",50,"log","target-E-Lv_null-M-Lv_r0",1,12,"plots/svg/5ecce62e937c1598e901631b3a1821d2.svg","emily-log-1",202,"87f34b01f1fce217b6c33e04da081ed0",1,"E","Lv","M","Lv","0","389","t-E_n-M",0.18037046585232,-0.49850176863297,-0.264222948147594,-0.298437092039043,0
29,"14",50,"log","target-M-Lv_null-E-Lv_r0",1,10,"plots/svg/df10610fd0e27c50fe0db5b8ca04f080.svg","emily-log-1",204,"8ad2ea6719790c191cedf1038d3cbca5",1,"M","Lv","E","Lv","0","429","t-M_n-E",0.22636586856097,-0.49850176863297,-0.818059116300471,-0.378779672454877,0
29,"13",50,"linear","target-M-Lv_null-E-Lv_r0",1,10,"plots/svg/5df2947852318075a066e55984da5020.svg","emily-log-1",104,"8ad2ea6719790c191cedf1038d3cbca5",1,"M","Lv","E","Lv","0","429","t-M_n-E",0.521716548316181,-0.49850176863297,-0.818059116300471,-0.378779672454877,0
29,"30",50,"log","target-H-Lv_null-M-Lv_r0",1,12,"plots/svg/e2e1ff57be869422245fc51b15415492.svg","emily-log-1",208,"f28e70dc6b7365974b49d253cdd85363",1,"H","Lv","M","Lv","0","709","t-H_n-M",0.797347616404295,-0.49850176863297,-0.0103458610241863,-0.544290004293079,1
30,"15",50,"linear","target-M-Lv_null-E-Lv_r0",1,10,"plots/svg/d8dea45d5c5b31523324bc29de32411f.svg","emily-log-1",104,"7ff3391e264e98652cdb6eb8b85088c4",2,"M","Lv","E","Lv","0","310","t-M_n-E",0.521716548316181,-0.0994233905247975,0.110747742570688,0.326806533391625,1
30,"12",50,"log","target-E-Lv_null-H-Lv_r0",1,17,"plots/svg/19640c3dc14337740f45aee91eed5803.svg","emily-log-1",203,"6a72b42ba970ea6798a886761baf324f",2,"E","Lv","H","Lv","0","230","t-E_n-H",0.858427377231419,-0.0994233905247975,-0.478172100117287,-0.0190824468205089,1
30,"7",50,"linear","target-E-Lv_null-M-Lv_r0",1,14,"plots/svg/19458f4a249031b8179c02b343dffe30.svg","emily-log-1",102,"e079c7c97296f2c777bede60f7d1c5b7",2,"E","Lv","M","Lv","0","630","t-E_n-M",0.863858711719513,-0.0994233905247975,-0.0861896208190713,0.380988636556249,1
30,"27",50,"linear","target-H-Lv_null-E-Lv_r0",1,9,"plots/svg/d4332bd8e199471b74969e986f987ac8.svg","emily-log-1",107,"47748c8978f11fc269bed62ca7f6a4d3",2,"H","Lv","E","Lv","0","190","t-H_n-E",0.174702687188983,-0.0994233905247975,-0.183704045840738,0.0207053620044138,0
30,"28",50,"log","target-H-Lv_null-E-Lv_r0",1,9,"plots/svg/f5a285159cccc2e9e1c610c6dab92348.svg","emily-log-1",207,"47748c8978f11fc269bed62ca7f6a4d3",2,"H","Lv","E","Lv","0","190","t-H_n-E",0.205135598219931,-0.0994233905247975,-0.183704045840738,0.0207053620044138,0
30,"16",50,"log","target-M-Lv_null-E-Lv_r0",1,10,"plots/svg/2192c71bf5b17dcdc925ca95c98694e0.svg","emily-log-1",204,"7ff3391e264e98652cdb6eb8b85088c4",2,"M","Lv","E","Lv","0","310","t-M_n-E",0.22636586856097,-0.0994233905247975,0.110747742570688,0.326806533391625,0
30,"11",50,"linear","target-E-Lv_null-H-Lv_r0",1,17,"plots/svg/16ce6f7a2dfb1a760c7ba8bcd54daccc.svg","emily-log-1",103,"6a72b42ba970ea6798a886761baf324f",2,"E","Lv","H","Lv","0","230","t-E_n-H",0.318127872049809,-0.0994233905247975,-0.478172100117287,-0.0190824468205089,0
30,"8",50,"log","target-E-Lv_null-M-Lv_r0",1,14,"plots/svg/ef16f06ed4708fcd12a6249492a1e12a.svg","emily-log-1",202,"e079c7c97296f2c777bede60f7d1c5b7",2,"E","Lv","M","Lv","0","630","t-E_n-M",0.18037046585232,-0.0994233905247975,-0.0861896208190713,0.380988636556249,0
31,"30",50,"log","target-H-Lv_null-M-Lv_r0",1,12,"plots/svg/e2e1ff57be869422245fc51b15415492.svg","emily-log-1",208,"f28e70dc6b7365974b49d253cdd85363",1,"H","Lv","M","Lv","0","711","t-H_n-M",0.797347616404295,-0.31724261608771,-0.0103458610241863,-1.42405981044241,0
31,"8",50,"log","target-E-Lv_null-M-Lv_r0",1,14,"plots/svg/ef16f06ed4708fcd12a6249492a1e12a.svg","emily-log-1",202,"e079c7c97296f2c777bede60f7d1c5b7",2,"E","Lv","M","Lv","0","631","t-E_n-M",0.18037046585232,-0.31724261608771,-0.0861896208190713,-0.159493172742961,0
31,"22",50,"log","target-M-Lv_null-H-Lv_r0",1,1,"plots/svg/d6bc919b68b3711ec58a7d2d12363647.svg","emily-log-1",206,"3d689aa117d70559b73fe8398f1a44c6",1,"M","Lv","H","Lv","0","111","t-M_n-H",0.26879573687911,-0.31724261608771,0.219840781869891,-0.491466408992818,0
31,"29",50,"linear","target-H-Lv_null-M-Lv_r0",1,12,"plots/svg/abd7b714d3c960b93247a0a3e0308473.svg","emily-log-1",108,"f28e70dc6b7365974b49d253cdd85363",1,"H","Lv","M","Lv","0","711","t-H_n-M",0.422632393054664,-0.31724261608771,-0.0103458610241863,-1.42405981044241,0
31,"7",50,"linear","target-E-Lv_null-M-Lv_r0",1,14,"plots/svg/19458f4a249031b8179c02b343dffe30.svg","emily-log-1",102,"e079c7c97296f2c777bede60f7d1c5b7",2,"E","Lv","M","Lv","0","631","t-E_n-M",0.863858711719513,-0.31724261608771,-0.0861896208190713,-0.159493172742961,1
31,"16",50,"log","target-M-Lv_null-E-Lv_r0",1,10,"plots/svg/2192c71bf5b17dcdc925ca95c98694e0.svg","emily-log-1",204,"7ff3391e264e98652cdb6eb8b85088c4",2,"M","Lv","E","Lv","0","311","t-M_n-E",0.22636586856097,-0.31724261608771,0.110747742570688,0.660856994292744,1
31,"15",50,"linear","target-M-Lv_null-E-Lv_r0",1,10,"plots/svg/d8dea45d5c5b31523324bc29de32411f.svg","emily-log-1",104,"7ff3391e264e98652cdb6eb8b85088c4",2,"M","Lv","E","Lv","0","311","t-M_n-E",0.521716548316181,-0.31724261608771,0.110747742570688,0.660856994292744,0
31,"25",50,"linear","target-H-Lv_null-E-Lv_r0",1,1,"plots/svg/3abe4bc02329ef5d724fd9ae7d438532.svg","emily-log-1",107,"d5c6dd039c67d2cb6771b22aa1c6aaac",1,"H","Lv","E","Lv","0","591","t-H_n-E",0.174702687188983,-0.31724261608771,-0.159521290292368,0.251838962246932,0
31,"26",50,"log","target-H-Lv_null-E-Lv_r0",1,1,"plots/svg/929c1e7fdc8f70077cdaf06728393cf6.svg","emily-log-1",207,"d5c6dd039c67d2cb6771b22aa1c6aaac",1,"H","Lv","E","Lv","0","591","t-H_n-E",0.205135598219931,-0.31724261608771,-0.159521290292368,0.251838962246932,0
31,"21",50,"linear","target-M-Lv_null-H-Lv_r0",1,1,"plots/svg/20d0abf28998f59ada75cce6b4999158.svg","emily-log-1",106,"3d689aa117d70559b73fe8398f1a44c6",1,"M","Lv","H","Lv","0","111","t-M_n-H",0.100623667612672,-0.31724261608771,0.219840781869891,-0.491466408992818,0
32,"26",50,"log","target-H-Lv_null-E-Lv_r0",1,1,"plots/svg/929c1e7fdc8f70077cdaf06728393cf6.svg","emily-log-1",207,"d5c6dd039c67d2cb6771b22aa1c6aaac",1,"H","Lv","E","Lv","0","592","t-H_n-E",0.205135598219931,0.498542733590401,-0.159521290292368,-0.107792886055954,0
32,"30",50,"log","target-H-Lv_null-M-Lv_r0",1,12,"plots/svg/e2e1ff57be869422245fc51b15415492.svg","emily-log-1",208,"f28e70dc6b7365974b49d253cdd85363",1,"H","Lv","M","Lv","0","712","t-H_n-M",0.797347616404295,0.498542733590401,-0.0103458610241863,0.11524348849599,1
32,"29",50,"linear","target-H-Lv_null-M-Lv_r0",1,12,"plots/svg/abd7b714d3c960b93247a0a3e0308473.svg","emily-log-1",108,"f28e70dc6b7365974b49d253cdd85363",1,"H","Lv","M","Lv","0","712","t-H_n-M",0.422632393054664,0.498542733590401,-0.0103458610241863,0.11524348849599,1
32,"22",50,"log","target-M-Lv_null-H-Lv_r0",1,1,"plots/svg/d6bc919b68b3711ec58a7d2d12363647.svg","emily-log-1",206,"3d689aa117d70559b73fe8398f1a44c6",1,"M","Lv","H","Lv","0","112","t-M_n-H",0.26879573687911,0.498542733590401,0.219840781869891,0.404362312453032,0
32,"25",50,"linear","target-H-Lv_null-E-Lv_r0",1,1,"plots/svg/3abe4bc02329ef5d724fd9ae7d438532.svg","emily-log-1",107,"d5c6dd039c67d2cb6771b22aa1c6aaac",1,"H","Lv","E","Lv","0","592","t-H_n-E",0.174702687188983,0.498542733590401,-0.159521290292368,-0.107792886055954,0
32,"12",50,"log","target-E-Lv_null-H-Lv_r0",1,17,"plots/svg/19640c3dc14337740f45aee91eed5803.svg","emily-log-1",203,"6a72b42ba970ea6798a886761baf324f",2,"E","Lv","H","Lv","0","232","t-E_n-H",0.858427377231419,0.498542733590401,-0.478172100117287,-0.362008585591227,0
32,"5",50,"linear","target-E-Lv_null-M-Lv_r0",1,12,"plots/svg/35c0c87a6158fa1687b8ff46e56443e6.svg","emily-log-1",102,"87f34b01f1fce217b6c33e04da081ed0",1,"E","Lv","M","Lv","0","392","t-E_n-M",0.863858711719513,0.498542733590401,-0.264222948147594,0.406980095541249,1
32,"21",50,"linear","target-M-Lv_null-H-Lv_r0",1,1,"plots/svg/20d0abf28998f59ada75cce6b4999158.svg","emily-log-1",106,"3d689aa117d70559b73fe8398f1a44c6",1,"M","Lv","H","Lv","0","112","t-M_n-H",0.100623667612672,0.498542733590401,0.219840781869891,0.404362312453032,0
32,"6",50,"log","target-E-Lv_null-M-Lv_r0",1,12,"plots/svg/5ecce62e937c1598e901631b3a1821d2.svg","emily-log-1",202,"87f34b01f1fce217b6c33e04da081ed0",1,"E","Lv","M","Lv","0","392","t-E_n-M",0.18037046585232,0.498542733590401,-0.264222948147594,0.406980095541249,1
32,"11",50,"linear","target-E-Lv_null-H-Lv_r0",1,17,"plots/svg/16ce6f7a2dfb1a760c7ba8bcd54daccc.svg","emily-log-1",103,"6a72b42ba970ea6798a886761baf324f",2,"E","Lv","H","Lv","0","232","t-E_n-H",0.318127872049809,0.498542733590401,-0.478172100117287,-0.362008585591227,1
33,"24",50,"log","target-M-Lv_null-H-Lv_r0",1,13,"plots/svg/5e448cd61317e5499aee6d7ea7906c64.svg","emily-log-1",206,"184b9f1a90081e0ffeedc112c6431d9c",2,"M","Lv","H","Lv","0","33","t-M_n-H",0.26879573687911,-0.433473906927364,0.000708788564835677,0.701179485320459,0
33,"12",50,"log","target-E-Lv_null-H-Lv_r0",1,17,"plots/svg/19640c3dc14337740f45aee91eed5803.svg","emily-log-1",203,"6a72b42ba970ea6798a886761baf324f",2,"E","Lv","H","Lv","0","233","t-E_n-H",0.858427377231419,-0.433473906927364,-0.478172100117287,-0.0751707083473965,1
33,"25",50,"linear","target-H-Lv_null-E-Lv_r0",1,1,"plots/svg/3abe4bc02329ef5d724fd9ae7d438532.svg","emily-log-1",107,"d5c6dd039c67d2cb6771b22aa1c6aaac",1,"H","Lv","E","Lv","0","593","t-H_n-E",0.174702687188983,-0.433473906927364,-0.159521290292368,-0.353320773427438,0
33,"7",50,"linear","target-E-Lv_null-M-Lv_r0",1,14,"plots/svg/19458f4a249031b8179c02b343dffe30.svg","emily-log-1",102,"e079c7c97296f2c777bede60f7d1c5b7",2,"E","Lv","M","Lv","0","633","t-E_n-M",0.863858711719513,-0.433473906927364,-0.0861896208190713,0.264261801974103,0
33,"23",50,"linear","target-M-Lv_null-H-Lv_r0",1,13,"plots/svg/a22fa470f1028ba1fa6fc5d121887a46.svg","emily-log-1",106,"184b9f1a90081e0ffeedc112c6431d9c",2,"M","Lv","H","Lv","0","33","t-M_n-H",0.100623667612672,-0.433473906927364,0.000708788564835677,0.701179485320459,1
33,"26",50,"log","target-H-Lv_null-E-Lv_r0",1,1,"plots/svg/929c1e7fdc8f70077cdaf06728393cf6.svg","emily-log-1",207,"d5c6dd039c67d2cb6771b22aa1c6aaac",1,"H","Lv","E","Lv","0","593","t-H_n-E",0.205135598219931,-0.433473906927364,-0.159521290292368,-0.353320773427438,0
33,"8",50,"log","target-E-Lv_null-M-Lv_r0",1,14,"plots/svg/ef16f06ed4708fcd12a6249492a1e12a.svg","emily-log-1",202,"e079c7c97296f2c777bede60f7d1c5b7",2,"E","Lv","M","Lv","0","633","t-E_n-M",0.18037046585232,-0.433473906927364,-0.0861896208190713,0.264261801974103,0
33,"11",50,"linear","target-E-Lv_null-H-Lv_r0",1,17,"plots/svg/16ce6f7a2dfb1a760c7ba8bcd54daccc.svg","emily-log-1",103,"6a72b42ba970ea6798a886761baf324f",2,"E","Lv","H","Lv","0","233","t-E_n-H",0.318127872049809,-0.433473906927364,-0.478172100117287,-0.0751707083473965,1
34,"23",50,"linear","target-M-Lv_null-H-Lv_r0",1,13,"plots/svg/a22fa470f1028ba1fa6fc5d121887a46.svg","emily-log-1",106,"184b9f1a90081e0ffeedc112c6431d9c",2,"M","Lv","H","Lv","0","34","t-M_n-H",0.100623667612672,-0.15795632377873,0.000708788564835677,-0.189479184830166,0
34,"32",50,"log","target-H-Lv_null-M-Lv_r0",1,12,"plots/svg/39f08ba7613fc59a3b114a36a3a14244.svg","emily-log-1",208,"b79bc1a0fdbb69edc87fe34883a066d6",2,"H","Lv","M","Lv","0","514","t-H_n-M",0.797347616404295,-0.15795632377873,-0.178388343363251,-0.00915606487914187,1
34,"12",50,"log","target-E-Lv_null-H-Lv_r0",1,17,"plots/svg/19640c3dc14337740f45aee91eed5803.svg","emily-log-1",203,"6a72b42ba970ea6798a886761baf324f",2,"E","Lv","H","Lv","0","234","t-E_n-H",0.858427377231419,-0.15795632377873,-0.478172100117287,-0.24699860865466,1
34,"24",50,"log","target-M-Lv_null-H-Lv_r0",1,13,"plots/svg/5e448cd61317e5499aee6d7ea7906c64.svg","emily-log-1",206,"184b9f1a90081e0ffeedc112c6431d9c",2,"M","Lv","H","Lv","0","34","t-M_n-H",0.26879573687911,-0.15795632377873,0.000708788564835677,-0.189479184830166,0
34,"11",50,"linear","target-E-Lv_null-H-Lv_r0",1,17,"plots/svg/16ce6f7a2dfb1a760c7ba8bcd54daccc.svg","emily-log-1",103,"6a72b42ba970ea6798a886761baf324f",2,"E","Lv","H","Lv","0","234","t-E_n-H",0.318127872049809,-0.15795632377873,-0.478172100117287,-0.24699860865466,0
34,"31",50,"linear","target-H-Lv_null-M-Lv_r0",1,12,"plots/svg/e9510e025a1152c8bc78255bdc926f93.svg","emily-log-1",108,"b79bc1a0fdbb69edc87fe34883a066d6",2,"H","Lv","M","Lv","0","514","t-H_n-M",0.422632393054664,-0.15795632377873,-0.178388343363251,-0.00915606487914187,0
35,"30",50,"log","target-H-Lv_null-M-Lv_r0",1,12,"plots/svg/e2e1ff57be869422245fc51b15415492.svg","emily-log-1",208,"f28e70dc6b7365974b49d253cdd85363",1,"H","Lv","M","Lv","0","715","t-H_n-M",0.797347616404295,0.182000730426908,-0.0103458610241863,0.141788902769617,1
35,"22",50,"log","target-M-Lv_null-H-Lv_r0",1,1,"plots/svg/d6bc919b68b3711ec58a7d2d12363647.svg","emily-log-1",206,"3d689aa117d70559b73fe8398f1a44c6",1,"M","Lv","H","Lv","0","115","t-M_n-H",0.26879573687911,0.182000730426908,0.219840781869891,-0.745792974405934,0
35,"14",50,"log","target-M-Lv_null-E-Lv_r0",1,10,"plots/svg/df10610fd0e27c50fe0db5b8ca04f080.svg","emily-log-1",204,"8ad2ea6719790c191cedf1038d3cbca5",1,"M","Lv","E","Lv","0","435","t-M_n-E",0.22636586856097,0.182000730426908,-0.818059116300471,-0.230235616883874,0
35,"29",50,"linear","target-H-Lv_null-M-Lv_r0",1,12,"plots/svg/abd7b714d3c960b93247a0a3e0308473.svg","emily-log-1",108,"f28e70dc6b7365974b49d253cdd85363",1,"H","Lv","M","Lv","0","715","t-H_n-M",0.422632393054664,0.182000730426908,-0.0103458610241863,0.141788902769617,0
35,"21",50,"linear","target-M-Lv_null-H-Lv_r0",1,1,"plots/svg/20d0abf28998f59ada75cce6b4999158.svg","emily-log-1",106,"3d689aa117d70559b73fe8398f1a44c6",1,"M","Lv","H","Lv","0","115","t-M_n-H",0.100623667612672,0.182000730426908,0.219840781869891,-0.745792974405934,0
35,"13",50,"linear","target-M-Lv_null-E-Lv_r0",1,10,"plots/svg/5df2947852318075a066e55984da5020.svg","emily-log-1",104,"8ad2ea6719790c191cedf1038d3cbca5",1,"M","Lv","E","Lv","0","435","t-M_n-E",0.521716548316181,0.182000730426908,-0.818059116300471,-0.230235616883874,1
36,"32",50,"log","target-H-Lv_null-M-Lv_r0",1,12,"plots/svg/39f08ba7613fc59a3b114a36a3a14244.svg","emily-log-1",208,"b79bc1a0fdbb69edc87fe34883a066d6",2,"H","Lv","M","Lv","0","516","t-H_n-M",0.797347616404295,0.183082957645108,-0.178388343363251,0.338806007556897,1
36,"23",50,"linear","target-M-Lv_null-H-Lv_r0",1,13,"plots/svg/a22fa470f1028ba1fa6fc5d121887a46.svg","emily-log-1",106,"184b9f1a90081e0ffeedc112c6431d9c",2,"M","Lv","H","Lv","0","36","t-M_n-H",0.100623667612672,0.183082957645108,0.000708788564835677,-0.63244189274597,0
36,"31",50,"linear","target-H-Lv_null-M-Lv_r0",1,12,"plots/svg/e9510e025a1152c8bc78255bdc926f93.svg","emily-log-1",108,"b79bc1a0fdbb69edc87fe34883a066d6",2,"H","Lv","M","Lv","0","516","t-H_n-M",0.422632393054664,0.183082957645108,-0.178388343363251,0.338806007556897,0
36,"5",50,"linear","target-E-Lv_null-M-Lv_r0",1,12,"plots/svg/35c0c87a6158fa1687b8ff46e56443e6.svg","emily-log-1",102,"87f34b01f1fce217b6c33e04da081ed0",1,"E","Lv","M","Lv","0","396","t-E_n-M",0.863858711719513,0.183082957645108,-0.264222948147594,0.0113793866712321,1
36,"6",50,"log","target-E-Lv_null-M-Lv_r0",1,12,"plots/svg/5ecce62e937c1598e901631b3a1821d2.svg","emily-log-1",202,"87f34b01f1fce217b6c33e04da081ed0",1,"E","Lv","M","Lv","0","396","t-E_n-M",0.18037046585232,0.183082957645108,-0.264222948147594,0.0113793866712321,1
36,"13",50,"linear","target-M-Lv_null-E-Lv_r0",1,10,"plots/svg/5df2947852318075a066e55984da5020.svg","emily-log-1",104,"8ad2ea6719790c191cedf1038d3cbca5",1,"M","Lv","E","Lv","0","436","t-M_n-E",0.521716548316181,0.183082957645108,-0.818059116300471,-0.544914388044661,0
36,"24",50,"log","target-M-Lv_null-H-Lv_r0",1,13,"plots/svg/5e448cd61317e5499aee6d7ea7906c64.svg","emily-log-1",206,"184b9f1a90081e0ffeedc112c6431d9c",2,"M","Lv","H","Lv","0","36","t-M_n-H",0.26879573687911,0.183082957645108,0.000708788564835677,-0.63244189274597,0
36,"14",50,"log","target-M-Lv_null-E-Lv_r0",1,10,"plots/svg/df10610fd0e27c50fe0db5b8ca04f080.svg","emily-log-1",204,"8ad2ea6719790c191cedf1038d3cbca5",1,"M","Lv","E","Lv","0","436","t-M_n-E",0.22636586856097,0.183082957645108,-0.818059116300471,-0.544914388044661,0
37,"12",50,"log","target-E-Lv_null-H-Lv_r0",1,17,"plots/svg/19640c3dc14337740f45aee91eed5803.svg","emily-log-1",203,"6a72b42ba970ea6798a886761baf324f",2,"E","Lv","H","Lv","0","237","t-E_n-H",0.858427377231419,-0.649411227752775,-0.478172100117287,-0.765995017797117,1
37,"6",50,"log","target-E-Lv_null-M-Lv_r0",1,12,"plots/svg/5ecce62e937c1598e901631b3a1821d2.svg","emily-log-1",202,"87f34b01f1fce217b6c33e04da081ed0",1,"E","Lv","M","Lv","0","397","t-E_n-M",0.18037046585232,-0.649411227752775,-0.264222948147594,0.0292946625742834,0
37,"26",50,"log","target-H-Lv_null-E-Lv_r0",1,1,"plots/svg/929c1e7fdc8f70077cdaf06728393cf6.svg","emily-log-1",207,"d5c6dd039c67d2cb6771b22aa1c6aaac",1,"H","Lv","E","Lv","0","597","t-H_n-E",0.205135598219931,-0.649411227752775,-0.159521290292368,0.37273321874051,0
37,"25",50,"linear","target-H-Lv_null-E-Lv_r0",1,1,"plots/svg/3abe4bc02329ef5d724fd9ae7d438532.svg","emily-log-1",107,"d5c6dd039c67d2cb6771b22aa1c6aaac",1,"H","Lv","E","Lv","0","597","t-H_n-E",0.174702687188983,-0.649411227752775,-0.159521290292368,0.37273321874051,0
37,"5",50,"linear","target-E-Lv_null-M-Lv_r0",1,12,"plots/svg/35c0c87a6158fa1687b8ff46e56443e6.svg","emily-log-1",102,"87f34b01f1fce217b6c33e04da081ed0",1,"E","Lv","M","Lv","0","397","t-E_n-M",0.863858711719513,-0.649411227752775,-0.264222948147594,0.0292946625742834,0
37,"32",50,"log","target-H-Lv_null-M-Lv_r0",1,12,"plots/svg/39f08ba7613fc59a3b114a36a3a14244.svg","emily-log-1",208,"b79bc1a0fdbb69edc87fe34883a066d6",2,"H","Lv","M","Lv","0","517","t-H_n-M",0.797347616404295,-0.649411227752775,-0.178388343363251,0.491733997510628,1
37,"11",50,"linear","target-E-Lv_null-H-Lv_r0",1,17,"plots/svg/16ce6f7a2dfb1a760c7ba8bcd54daccc.svg","emily-log-1",103,"6a72b42ba970ea6798a886761baf324f",2,"E","Lv","H","Lv","0","237","t-E_n-H",0.318127872049809,-0.649411227752775,-0.478172100117287,-0.765995017797117,0
37,"31",50,"linear","target-H-Lv_null-M-Lv_r0",1,12,"plots/svg/e9510e025a1152c8bc78255bdc926f93.svg","emily-log-1",108,"b79bc1a0fdbb69edc87fe34883a066d6",2,"H","Lv","M","Lv","0","517","t-H_n-M",0.422632393054664,-0.649411227752775,-0.178388343363251,0.491733997510628,0
38,"12",50,"log","target-E-Lv_null-H-Lv_r0",1,17,"plots/svg/19640c3dc14337740f45aee91eed5803.svg","emily-log-1",203,"6a72b42ba970ea6798a886761baf324f",2,"E","Lv","H","Lv","0","238","t-E_n-H",0.858427377231419,0.182294065478374,-0.478172100117287,-0.415452851083964,1
38,"15",50,"linear","target-M-Lv_null-E-Lv_r0",1,10,"plots/svg/d8dea45d5c5b31523324bc29de32411f.svg","emily-log-1",104,"7ff3391e264e98652cdb6eb8b85088c4",2,"M","Lv","E","Lv","0","318","t-M_n-E",0.521716548316181,0.182294065478374,0.110747742570688,0.231480361149183,1
38,"31",50,"linear","target-H-Lv_null-M-Lv_r0",1,12,"plots/svg/e9510e025a1152c8bc78255bdc926f93.svg","emily-log-1",108,"b79bc1a0fdbb69edc87fe34883a066d6",2,"H","Lv","M","Lv","0","518","t-H_n-M",0.422632393054664,0.182294065478374,-0.178388343363251,0.136872568909319,0
38,"28",50,"log","target-H-Lv_null-E-Lv_r0",1,9,"plots/svg/f5a285159cccc2e9e1c610c6dab92348.svg","emily-log-1",207,"47748c8978f11fc269bed62ca7f6a4d3",2,"H","Lv","E","Lv","0","198","t-H_n-E",0.205135598219931,0.182294065478374,-0.183704045840738,0.448104182859659,1
38,"32",50,"log","target-H-Lv_null-M-Lv_r0",1,12,"plots/svg/39f08ba7613fc59a3b114a36a3a14244.svg","emily-log-1",208,"b79bc1a0fdbb69edc87fe34883a066d6",2,"H","Lv","M","Lv","0","518","t-H_n-M",0.797347616404295,0.182294065478374,-0.178388343363251,0.136872568909319,1
38,"11",50,"linear","target-E-Lv_null-H-Lv_r0",1,17,"plots/svg/16ce6f7a2dfb1a760c7ba8bcd54daccc.svg","emily-log-1",103,"6a72b42ba970ea6798a886761baf324f",2,"E","Lv","H","Lv","0","238","t-E_n-H",0.318127872049809,0.182294065478374,-0.478172100117287,-0.415452851083964,0
38,"27",50,"linear","target-H-Lv_null-E-Lv_r0",1,9,"plots/svg/d4332bd8e199471b74969e986f987ac8.svg","emily-log-1",107,"47748c8978f11fc269bed62ca7f6a4d3",2,"H","Lv","E","Lv","0","198","t-H_n-E",0.174702687188983,0.182294065478374,-0.183704045840738,0.448104182859659,0
38,"16",50,"log","target-M-Lv_null-E-Lv_r0",1,10,"plots/svg/2192c71bf5b17dcdc925ca95c98694e0.svg","emily-log-1",204,"7ff3391e264e98652cdb6eb8b85088c4",2,"M","Lv","E","Lv","0","318","t-M_n-E",0.22636586856097,0.182294065478374,0.110747742570688,0.231480361149183,1
39,"6",50,"log","target-E-Lv_null-M-Lv_r0",1,12,"plots/svg/5ecce62e937c1598e901631b3a1821d2.svg","emily-log-1",202,"87f34b01f1fce217b6c33e04da081ed0",1,"E","Lv","M","Lv","0","399","t-E_n-M",0.18037046585232,0.849633320387527,-0.264222948147594,-0.27915473005159,1
39,"30",50,"log","target-H-Lv_null-M-Lv_r0",1,12,"plots/svg/e2e1ff57be869422245fc51b15415492.svg","emily-log-1",208,"f28e70dc6b7365974b49d253cdd85363",1,"H","Lv","M","Lv","0","719","t-H_n-M",0.797347616404295,0.849633320387527,-0.0103458610241863,0.936458978840119,1
39,"25",50,"linear","target-H-Lv_null-E-Lv_r0",1,1,"plots/svg/3abe4bc02329ef5d724fd9ae7d438532.svg","emily-log-1",107,"d5c6dd039c67d2cb6771b22aa1c6aaac",1,"H","Lv","E","Lv","0","599","t-H_n-E",0.174702687188983,0.849633320387527,-0.159521290292368,0.519181529484116,0
39,"9",50,"linear","target-E-Lv_null-H-Lv_r0",1,15,"plots/svg/b3a9571d8982604b9f655471bfe04fc1.svg","emily-log-1",103,"d14de6e8946c29750256921ce0462931",1,"E","Lv","H","Lv","0","559","t-E_n-H",0.318127872049809,0.849633320387527,0.23179931354376,-0.424940263256945,1
39,"5",50,"linear","target-E-Lv_null-M-Lv_r0",1,12,"plots/svg/35c0c87a6158fa1687b8ff46e56443e6.svg","emily-log-1",102,"87f34b01f1fce217b6c33e04da081ed0",1,"E","Lv","M","Lv","0","399","t-E_n-M",0.863858711719513,0.849633320387527,-0.264222948147594,-0.27915473005159,1
39,"29",50,"linear","target-H-Lv_null-M-Lv_r0",1,12,"plots/svg/abd7b714d3c960b93247a0a3e0308473.svg","emily-log-1",108,"f28e70dc6b7365974b49d253cdd85363",1,"H","Lv","M","Lv","0","719","t-H_n-M",0.422632393054664,0.849633320387527,-0.0103458610241863,0.936458978840119,1
39,"26",50,"log","target-H-Lv_null-E-Lv_r0",1,1,"plots/svg/929c1e7fdc8f70077cdaf06728393cf6.svg","emily-log-1",207,"d5c6dd039c67d2cb6771b22aa1c6aaac",1,"H","Lv","E","Lv","0","599","t-H_n-E",0.205135598219931,0.849633320387527,-0.159521290292368,0.519181529484116,0
39,"10",50,"log","target-E-Lv_null-H-Lv_r0",1,15,"plots/svg/b31a013dcd39fb18f0adb334dea600e1.svg","emily-log-1",203,"d14de6e8946c29750256921ce0462931",1,"E","Lv","H","Lv","0","559","t-E_n-H",0.858427377231419,0.849633320387527,0.23179931354376,-0.424940263256945,1
39,"15",50,"linear","target-M-Lv_null-E-Lv_r0",1,10,"plots/svg/d8dea45d5c5b31523324bc29de32411f.svg","emily-log-1",104,"7ff3391e264e98652cdb6eb8b85088c4",2,"M","Lv","E","Lv","0","319","t-M_n-E",0.521716548316181,0.849633320387527,0.110747742570688,0.0813875405300849,1
39,"16",50,"log","target-M-Lv_null-E-Lv_r0",1,10,"plots/svg/2192c71bf5b17dcdc925ca95c98694e0.svg","emily-log-1",204,"7ff3391e264e98652cdb6eb8b85088c4",2,"M","Lv","E","Lv","0","319","t-M_n-E",0.22636586856097,0.849633320387527,0.110747742570688,0.0813875405300849,1
40,"9",50,"linear","target-E-Lv_null-H-Lv_r0",1,15,"plots/svg/b3a9571d8982604b9f655471bfe04fc1.svg","emily-log-1",103,"d14de6e8946c29750256921ce0462931",1,"E","Lv","H","Lv","0","560","t-E_n-H",0.318127872049809,0.204400865823614,0.23179931354376,-0.468026095409469,0
40,"21",50,"linear","target-M-Lv_null-H-Lv_r0",1,1,"plots/svg/20d0abf28998f59ada75cce6b4999158.svg","emily-log-1",106,"3d689aa117d70559b73fe8398f1a44c6",1,"M","Lv","H","Lv","0","120","t-M_n-H",0.100623667612672,0.204400865823614,0.219840781869891,-0.115706072963827,0
40,"10",50,"log","target-E-Lv_null-H-Lv_r0",1,15,"plots/svg/b31a013dcd39fb18f0adb334dea600e1.svg","emily-log-1",203,"d14de6e8946c29750256921ce0462931",1,"E","Lv","H","Lv","0","560","t-E_n-H",0.858427377231419,0.204400865823614,0.23179931354376,-0.468026095409469,1
40,"13",50,"linear","target-M-Lv_null-E-Lv_r0",1,10,"plots/svg/5df2947852318075a066e55984da5020.svg","emily-log-1",104,"8ad2ea6719790c191cedf1038d3cbca5",1,"M","Lv","E","Lv","0","440","t-M_n-E",0.521716548316181,0.204400865823614,-0.818059116300471,0.386294848899869,1
40,"14",50,"log","target-M-Lv_null-E-Lv_r0",1,10,"plots/svg/df10610fd0e27c50fe0db5b8ca04f080.svg","emily-log-1",204,"8ad2ea6719790c191cedf1038d3cbca5",1,"M","Lv","E","Lv","0","440","t-M_n-E",0.22636586856097,0.204400865823614,-0.818059116300471,0.386294848899869,1
40,"31",50,"linear","target-H-Lv_null-M-Lv_r0",1,12,"plots/svg/e9510e025a1152c8bc78255bdc926f93.svg","emily-log-1",108,"b79bc1a0fdbb69edc87fe34883a066d6",2,"H","Lv","M","Lv","0","520","t-H_n-M",0.422632393054664,0.204400865823614,-0.178388343363251,0.424322853448124,0
40,"22",50,"log","target-M-Lv_null-H-Lv_r0",1,1,"plots/svg/d6bc919b68b3711ec58a7d2d12363647.svg","emily-log-1",206,"3d689aa117d70559b73fe8398f1a44c6",1,"M","Lv","H","Lv","0","120","t-M_n-H",0.26879573687911,0.204400865823614,0.219840781869891,-0.115706072963827,0
40,"32",50,"log","target-H-Lv_null-M-Lv_r0",1,12,"plots/svg/39f08ba7613fc59a3b114a36a3a14244.svg","emily-log-1",208,"b79bc1a0fdbb69edc87fe34883a066d6",2,"H","Lv","M","Lv","0","520","t-H_n-M",0.797347616404295,0.204400865823614,-0.178388343363251,0.424322853448124,1
